GCA_000158615.1_ASM15861v1,"EQ973327.1 Eikenella corrodens ATCC 23834 Scfld37 genomic scaffold, whole genome shotgun sequence"
GCA_000160435.1_ASM16043v1,"GG665875.1 Kingella oralis ATCC 51147 genomic scaffold Scfld4, whole genome shotgun sequence"
GCA_000163775.2_Simo_muel_ATCC_29453_V2,"JH815300.1 Simonsiella muelleri ATCC 29453 genomic scaffold supercont1.1, whole genome shotgun sequence"
GCA_000173875.1_ASM17387v1,"ACDX02000067.1 Neisseria mucosa ATCC 25996 N_mucosa-1.0.2_Cont68.1, whole genome shotgun sequence"
GCA_000173895.1_ASM17389v1,"ACDY02000035.1 Neisseria cinerea ATCC 14685 N_cinerea-1.0.2_Cont35.1, whole genome shotgun sequence"
GCA_000173935.1_ASM17393v1,"ACEN01000117.1 Neisseria flavescens NRL30031/H210 N_flavescens-1.0_Cont227.1, whole genome shotgun sequence"
GCA_000173955.1_ASM17395v1,"ACEO02000063.1 Neisseria subflava NJ9703 N_subflava-1.0.1_Cont69.1, whole genome shotgun sequence"
GCA_000173995.1_ASM17399v1,"ACEQ02000101.1 Neisseria lactamica ATCC 23970 N_lactamica-1.0.2_Cont106.1, whole genome shotgun sequence"
GCA_000174655.1_ASM17465v1,"ACKO02000061.1 Neisseria sicca ATCC 29256 N_sicca-1.0.1_Cont61.1, whole genome shotgun sequence"
GCA_000175275.1_ASM17527v1,"ACQV01000031.1 Neisseria flavescens SK114 ctg1118407793856, whole genome shotgun sequence"
GCA_000176735.1_ASM17673v1,"ADBE01000139.1 Neisseria polysaccharea ATCC 43768 N_polysaccharea-1.0.1_Cont284.1, whole genome shotgun sequence"
GCA_000176755.2_ASM17675v1,"ADBF01000268.1 Neisseria elongata subsp. glycolytica ATCC 29315 N_elongata-1.0.1_Cont490.1, whole genome shotgun sequence"
GCA_000180595.1_ASM18059v1,"CACL01000044.1 Neisseria lactamica Y92-1009 whole genome shotgun sequence, contig 44"
GCA_000186165.1_Neis_muco_C102_V1,"GL635793.1 Neisseria mucosa C102 genomic scaffold supercont1.1, whole genome shotgun sequence"
GCA_000190695.1_ASM19069v1,"GL870929.1 Kingella denitrificans ATCC 33394 genomic scaffold SCAFFOLD1, whole genome shotgun sequence"
GCA_000193735.2_ASM19373v2,"AEPF01000169.1 Neisseria sicca 4320 N_sicca_4320_contig00169, whole genome shotgun sequence"
GCA_000193755.2_ASM19375v2,"AEPG01000455.1 Neisseria sicca DS1 contig00455, whole genome shotgun sequence"
GCA_000193775.2_ASM19377v1,"AEPH01000288.1 Neisseria polysaccharea NS342 contig00288, whole genome shotgun sequence"
GCA_000193795.2_ASM19379v2,"AEPI01000132.1 Neisseria lactamica NS19 contig00132, whole genome shotgun sequence"
GCA_000194925.1_ASM19492v1,"GL878494.1 Neisseria bacilliformis ATCC BAA-1200 genomic scaffold SCAFFOLD1, whole genome shotgun sequence"
GCA_000196295.1_ASM19629v1,FN995097.1 Neisseria lactamica 020-06 complete genome
GCA_000213535.1_ASM21353v1,"GL891959.1 Kingella kingae ATCC 23330 genomic scaffold SCAFFOLD1, whole genome shotgun sequence"
GCA_000220865.1_ASM22086v1,"GL985618.1 Neisseria macacae ATCC 33926 genomic scaffold SCAFFOLD1, whole genome shotgun sequence"
GCA_000224255.2_ASM22425v1,"AFWQ01000046.1 Neisseria weaveri LMG 5135 NW5135.2_46, whole genome shotgun sequence"
GCA_000224275.2_ASM22427v2,"AFWR01000040.1 Neisseria weaveri ATCC 51223 NW51223.2_40, whole genome shotgun sequence"
GCA_000226875.1_ASM22687v1,"JH164926.1 Neisseria shayeganii 871 genomic scaffold SCAFFOLD1, whole genome shotgun sequence"
GCA_000227765.1_ASM22776v1,"JH165159.1 Neisseria wadsworthii 9715 genomic scaffold SCAFFOLD1, whole genome shotgun sequence"
GCA_000255635.1_ASM25563v1,"JH621344.1 Kingella kingae PYKK081 genomic scaffold scaffold0001, whole genome shotgun sequence"
GCA_000260655.1_NsiccaVK64v1.0,"AJMT01000001.1 Neisseria sicca VK64 ctg120005024847, whole genome shotgun sequence"
GCA_000283375.1_ASM28337v1,"JH768594.1 Kingella kingae 11220434 genomic scaffold scaffold00001, whole genome shotgun sequence"
GCA_000382305.1_ASM38230v1,"KB908018.1 Vitreoscilla stercoraria DSM 513 genomic scaffold H150DRAFT_scaffold00001.1, whole genome shotgun sequence"
GCA_000428785.1_ASM42878v1,"AUAP01000001.1 Conchiformibius kuhniae DSM 17694 G392DRAFT_scaffold00001.1_C, whole genome shotgun sequence"
GCA_000455465.1_BB114,"HG422736.1 Kingella kingae BB114 genomic scaffold, scaffold00001, whole genome shotgun sequence"
GCA_000469825.1_AA255,"HG421938.1 Kingella kingae AA255 genomic scaffold, scaffold00001, whole genome shotgun sequence"
GCA_000469845.1_AA068,"HG421936.1 Kingella kingae AA068 genomic scaffold, scaffold00001, whole genome shotgun sequence"
GCA_000469865.1_AA105,"HG421937.1 Kingella kingae AA105 genomic scaffold, scaffold00001, whole genome shotgun sequence"
GCA_000469885.1_BB016,"HG422584.1 Kingella kingae BB016 genomic scaffold, scaffold00001, whole genome shotgun sequence"
GCA_000469905.1_AA417,"HG421939.1 Kingella kingae AA417 genomic scaffold, scaffold00001, whole genome shotgun sequence"
GCA_000469925.1_BB060,"HG422735.1 Kingella kingae BB060 genomic scaffold, scaffold00001, whole genome shotgun sequence"
GCA_000469965.1_D2363,"HG426451.1 Kingella kingae D2363 genomic scaffold, scaffold00001, whole genome shotgun sequence"
GCA_000470005.1_KK113,"HG427486.1 Kingella kingae KK113 genomic scaffold, scaffold00001, whole genome shotgun sequence"
GCA_000470035.1_D7330,"HG426453.1 Kingella kingae D7330 genomic scaffold, scaffold00001, whole genome shotgun sequence"
GCA_000470095.1_CC254,"HG424704.1 Kingella kingae CC254 genomic scaffold, scaffold00001, whole genome shotgun sequence"
GCA_000470115.1_KK199,"HG428422.1 Kingella kingae KK199 genomic scaffold, scaffold00001, whole genome shotgun sequence"
GCA_000470155.1_KK145,"HG427199.1 Kingella kingae KK145 genomic scaffold, scaffold00001, whole genome shotgun sequence"
GCA_000470175.1_PV1748,"HG427487.1 Kingella kingae PV1748 genomic scaffold, scaffold00001, whole genome shotgun sequence"
GCA_000470195.1_KK245,"HG426455.1 Kingella kingae KK245 genomic scaffold, scaffold00001, whole genome shotgun sequence"
GCA_000470215.1_KK242,"HG427447.1 Kingella kingae KK242 genomic scaffold, scaffold00001, whole genome shotgun sequence"
GCA_000470235.1_G115,"HG424703.1 Kingella kingae KK97 genomic scaffold, scaffold00001, whole genome shotgun sequence"
GCA_000470255.1_KK12,"HG426962.1 Kingella kingae KK12 genomic scaffold, scaffold00001, whole genome shotgun sequence"
GCA_000470275.1_KK156,"HG427200.1 Kingella kingae KK156 genomic scaffold, scaffold00001, whole genome shotgun sequence"
GCA_000470295.1_G114,"HG426452.1 Kingella kingae KK189 genomic scaffold, scaffold00001, whole genome shotgun sequence"
GCA_000470335.1_KK75,"HG427197.1 Kingella kingae KK75 genomic scaffold, scaffold00001, whole genome shotgun sequence"
GCA_000470375.1_Vir5453,"HG427488.1 Kingella kingae Vir5453 genomic scaffold, scaffold00001, whole genome shotgun sequence"
GCA_000470395.1_G116,"HG426961.1 Kingella kingae KK56 genomic scaffold, scaffold00001, whole genome shotgun sequence"
GCA_000470415.1_KK107,"HG427485.1 Kingella kingae KK107 genomic scaffold, scaffold00001, whole genome shotgun sequence"
GCA_000470435.1_G99,"HG424718.1 Kingella kingae KK98 genomic scaffold, scaffold00001, whole genome shotgun sequence"
GCA_000470455.1_KK260,"HG426454.1 Kingella kingae KK260 genomic scaffold, scaffold00001, whole genome shotgun sequence"
GCA_000470475.1_KK83,"HG427198.1 Kingella kingae KK83 genomic scaffold, scaffold00001, whole genome shotgun sequence"
GCA_000470515.1_KK128,"HG427764.1 Kingella kingae KK128 genomic scaffold, scaffold00001, whole genome shotgun sequence"
GCA_000470555.1_KK190,"HG428421.1 Kingella kingae KK190 genomic scaffold, scaffold00001, whole genome shotgun sequence"
GCA_000470575.1_KK60,"HG427763.1 Kingella kingae KK60 genomic scaffold, scaffold00001, whole genome shotgun sequence"
GCA_000470595.1_KK274,"HG427448.1 Kingella kingae KK274 genomic scaffold, scaffold00001, whole genome shotgun sequence"
GCA_000470615.1_KK411,"HG428640.1 Kingella kingae KK411 genomic scaffold, scaffold00001, whole genome shotgun sequence"
GCA_000470635.1_G113,"HG424981.1 Kingella kingae KK158 genomic scaffold, scaffold00001, whole genome shotgun sequence"
GCA_000470675.1_ASM47067v1,"HG426718.1 Kingella kingae KK6 genomic scaffold, scaffold00001, whole genome shotgun sequence"
GCA_000477275.1_G120,"HG424702.1 Kingella kingae KK93 genomic scaffold, scaffold00001, whole genome shotgun sequence"
GCA_000477295.1_BB631,"FR904249.1 Kingella kingae BB631 genomic scaffold, scaffold00001, whole genome shotgun sequence"
GCA_000477315.1_G124,"HG424701.1 Kingella kingae KK238 genomic scaffold, scaffold00001, whole genome shotgun sequence"
GCA_000477335.1_G112,"HG424700.1 Kingella kingae KK141 genomic scaffold, scaffold00001, whole genome shotgun sequence"
GCA_000477355.1_G101,"HG424697.1 Kingella kingae KK88 genomic scaffold, scaffold00001, whole genome shotgun sequence"
GCA_000477375.1_G97,"HG424696.1 Kingella kingae KK101 genomic scaffold, scaffold00001, whole genome shotgun sequence"
GCA_000504685.1_Eike_corr_CC92I_V1,"KI635562.1 Eikenella corrodens CC92I genomic scaffold addUt-supercont1.1, whole genome shotgun sequence"
GCA_000600005.1_ASM60000v1,"CP007446.1 Snodgrassella alvi wkB2, complete genome"
GCA_000620925.1_ASM62092v1,"JHZP01000001.1 Conchiformibius steedae DSM 2580 Q321DRAFT_scaffold00001.1_C, whole genome shotgun sequence"
GCA_000626595.1_ASM62659v1,"CP007524.1 Neisseria meningitidis strain 510612, complete genome"
GCA_000695405.1_NG-e03.04,"JFAZ01000001.1 Neisseria gonorrhoeae strain e03.04 contig00001, whole genome shotgun sequence"
GCA_000695425.1_NG-i19.05,"JFBA01000001.1 Neisseria gonorrhoeae strain i19.05 contig00001, whole genome shotgun sequence"
GCA_000695445.1_NG-m07.05,"JFBB01000001.1 Neisseria gonorrhoeae strain m07.05 contig00001, whole genome shotgun sequence"
GCA_000695545.1_SnoalvwkB29v1.0,"JFZV01000001.1 Snodgrassella communis strain wkB29 wkB29_scaf001, whole genome shotgun sequence"
GCA_000695565.1_SnoalvwkB12v1.0,"JFZW01000001.1 Snodgrassella communis strain wkB12 wkB12_scaf001, whole genome shotgun sequence"
GCA_000705675.1_n01.08,"JIBZ01000001.1 Neisseria gonorrhoeae strain n01.08 contig00001, whole genome shotgun sequence"
GCA_000722505.1_sag_b_j21_noCtrl,"AVQL01000001.1 Snodgrassella alvi SCGC AB-598-J21 SCG598J21_12626, whole genome shotgun sequence"
GCA_000725145.1_sag_b_p14_noCtrl,"JACG01000001.1 Snodgrassella alvi SCGC AB-598-P14 SCG598P14_112503, whole genome shotgun sequence"
GCA_000725185.1_sag_b_o11_noCtrl,"JAIK01000001.1 Snodgrassella alvi SCGC AB-598-O11 SCG598O11_12318, whole genome shotgun sequence"
GCA_000725195.1_sag_b_o02_noCtrl,"JAIL01000001.1 Snodgrassella alvi SCGC AB-598-O02 SCG598O02_12497, whole genome shotgun sequence"
GCA_000741965.1_ASM74196v1,"KN046803.1 Neisseria lactamica ATCC 23970 genomic scaffold scaffold1, whole genome shotgun sequence"
GCA_000745895.1_ASM74589v1,"KN050771.1 Stenoxybacter acetivorans DSM 19021 genomic scaffold Q384DRAFT_scaffold00001.1, whole genome shotgun sequence"
GCA_000745955.1_ASM74595v1,"KN050786.1 Alysiella crassa DSM 2578 genomic scaffold Q338DRAFT_scaffold00001.1, whole genome shotgun sequence"
GCA_000751135.1_Kingella_kingae_KK247_,"CCJT01000001.1 Kingella kingae genome assembly Kingella kingae KK247*, contig contig00001, whole genome shotgun sequence"
GCA_000751855.1_Kingella_negevensis,"CCNJ01000001.1 Kingella sp. Sch538 genome assembly Kingella negevensis, contig contig00001, whole genome shotgun sequence"
GCA_000763255.1_ASM76325v1,"JPOZ01000001.1 Neisseria gonorrhoeae strain NG05 contig00001, whole genome shotgun sequence"
GCA_000763635.1_ASM76363v1,"JQHF01000001.1 Neisseria mucosa strain C6A contig_1, whole genome shotgun sequence"
GCA_000763745.1_ASM76374v1,"JPTA01000001.1 Neisseria meningitidis isolate 2419 contig1, whole genome shotgun sequence"
GCA_000785065.1_ASM78506v1,"JRET01000001.1 Neisseria meningitidis strain NM3687 NM3687_contig_1, whole genome shotgun sequence"
GCA_000785075.1_ASM78507v1,"JREU01000001.1 Neisseria meningitidis strain NM3681 NM3681_contig_1, whole genome shotgun sequence"
GCA_000787195.2_ASM78719v2,"CP016684.1 Neisseria meningitidis strain L91543 chromosome, complete genome"
GCA_000800235.1_ASM80023v1,"CP009418.1 Neisseria meningitidis strain NM3686, complete genome"
GCA_000800315.1_ASM80031v1,"CP009420.1 Neisseria meningitidis strain NM3682, complete genome"
GCA_000800355.1_ASM80035v1,"CP009421.1 Neisseria meningitidis strain NM3683, complete genome"
GCA_000800415.1_ASM80041v1,"CP009422.1 Neisseria meningitidis strain M10208, complete genome"
GCA_000813705.1_ASM81370v1,"JUFZ01000001.1 Morococcus cerebrosus strain CIP 81.93 MCC93_01, whole genome shotgun sequence"
GCA_000818035.1_ASM81803v1,"CP007726.1 Neisseria elongata subsp. glycolytica ATCC 29315, complete genome"
GCA_000818495.1_ASM81849v1,"JSAS01000185.1 Neisseria meningitidis strain NM3684 003.60x.v5_c1, whole genome shotgun sequence"
GCA_000818505.1_ASM81850v1,"JSAT01000032.1 Neisseria meningitidis strain NM3685 004.60x.v5_c1, whole genome shotgun sequence"
GCA_000818515.1_ASM81851v1,"JSAR01000191.1 Neisseria meningitidis strain NM3680 001.60x.v5_c1, whole genome shotgun sequence"
GCA_000818525.1_ASM81852v1,"JSAU01000124.1 Neisseria meningitidis strain NM3688 007.60x.v5_c1, whole genome shotgun sequence"
GCA_001027865.1_ASM102786v1,"JTDO01000001.1 Neisseria arctica strain KH1503 contig1, whole genome shotgun sequence"
GCA_001028035.1_ASM102803v1,"LDOB01000029.1 Neisseria gonorrhoeae strain G2891 ng2891_miseq_abyss_1, whole genome shotgun sequence"
GCA_001029815.1_ASM102981v1,"CP007667.1 Neisseria meningitidis strain B6116/77, complete genome"
GCA_001039435.1_ASM103943v1,"CM003346.1 Neisseria gonorrhoeae strain NG_869 plasmid pNG869_1, complete sequence, whole genome shotgun sequence"
GCA_001047225.1_ASM104722v1,"CP012026.1 Neisseria gonorrhoeae strain FA19, complete genome"
GCA_001047255.1_ASM104725v1,"CP012027.1 Neisseria gonorrhoeae strain FA6140, complete genome"
GCA_001047275.1_ASM104727v1,"CP012028.1 Neisseria gonorrhoeae strain 35/02, complete genome"
GCA_001050895.1_ASM105089v1,"HG427203.1 Kingella kingae KK171 genomic scaffold, scaffold00001, whole genome shotgun sequence"
GCA_001061435.1_ASM106143v1,"JVVT01000021.1 Neisseria elongata subsp. glycolytica strain 1279_NMEN 118_282_7655, whole genome shotgun sequence"
GCA_001063255.1_ASM106325v1,"JVJK01000126.1 Morococcus cerebrosus strain 379_NMEN 1000_2632_30842, whole genome shotgun sequence"
GCA_001063455.1_ASM106345v1,"JVFL01000007.1 Morococcus cerebrosus strain 480_NMEN 1165_2032_29443, whole genome shotgun sequence"
GCA_001063965.1_ASM106396v1,"JVQC01000002.1 Neisseria bacilliformis strain 203_NMEN 343_30229_1480204, whole genome shotgun sequence"
GCA_001064475.1_ASM106447v1,"JVLZ01000193.1 Morococcus cerebrosus strain 313_NMEN 1004_9952_96765, whole genome shotgun sequence"
GCA_001064605.1_ASM106460v1,"JVLA01000013.1 Neisseria lactamica strain 338.rep1_NLAC 102_43399_608760, whole genome shotgun sequence"
GCA_001064745.1_ASM106474v1,"JVJL01000132.1 Morococcus cerebrosus strain 378_NMEN 1012_12213_146234, whole genome shotgun sequence"
GCA_001064875.1_ASM106487v1,"JVIM01000001.1 Neisseria elongata subsp. glycolytica strain 404_NMEN 115_4124_82912, whole genome shotgun sequence"
GCA_001064935.1_ASM106493v1,"JVHH01000001.1 Neisseria elongata subsp. glycolytica strain 431_NMEN 270_299_17318, whole genome shotgun sequence"
GCA_001065565.1_ASM106556v1,"JVBE01000019.1 Neisseria lactamica strain 583_NLAC 100_5418_92090, whole genome shotgun sequence"
GCA_001065605.1_ASM106560v1,"JVAU01000032.1 Neisseria lactamica strain 595_NLAC 103_295_3070, whole genome shotgun sequence"
GCA_001067635.1_ASM106763v1,"JUOC01000001.1 Neisseria bacilliformis strain 914_NLAC 0_29744_674333, whole genome shotgun sequence"
GCA_001067655.1_ASM106765v1,"JUNU01000302.1 Neisseria lactamica strain 919_NLAC 1000_2721_45213, whole genome shotgun sequence"
GCA_001076785.1_ASM107678v1,"JVFA01000005.1 Eikenella corrodens strain 491_NMEN 186_1421_18690, whole genome shotgun sequence"
GCA_001083105.1_8727_8_53,"CQJJ01000001.1 Neisseria gonorrhoeae genome assembly 8727_8#53, scaffold ERS135352SCcontig000001, whole genome shotgun sequence"
GCA_001083305.1_6714_2_7,"CMYL01000001.1 Neisseria meningitidis genome assembly 6714_2#7, scaffold ERS040991SCcontig000001, whole genome shotgun sequence"
GCA_001083545.1_8727_8_23,"CQMM01000001.1 Neisseria gonorrhoeae genome assembly 8727_8#23, scaffold ERS135322SCcontig000001, whole genome shotgun sequence"
GCA_001083765.1_6714_1_17,"CMWY01000001.1 Neisseria meningitidis genome assembly 6714_1#17, scaffold ERS040977SCcontig000001, whole genome shotgun sequence"
GCA_001083885.1_6714_1_14,"CMXG01000001.1 Neisseria meningitidis genome assembly 6714_1#14, scaffold ERS040974SCcontig000001, whole genome shotgun sequence"
GCA_001083925.1_8289_2_40,"CQLY01000001.1 Neisseria gonorrhoeae genome assembly 8289_2#40, scaffold ERS135548SCcontig000001, whole genome shotgun sequence"
GCA_001084085.1_8289_2_5,"CQOF01000001.1 Neisseria gonorrhoeae genome assembly 8289_2#5, scaffold ERS135208SCcontig000001, whole genome shotgun sequence"
GCA_001084125.1_8727_8_64,"CQLL01000001.1 Neisseria gonorrhoeae genome assembly 8727_8#64, scaffold ERS135663SCcontig000001, whole genome shotgun sequence"
GCA_001084345.1_8289_2_59,"CQLS01000001.1 Neisseria gonorrhoeae genome assembly 8289_2#59, scaffold ERS135262SCcontig000001, whole genome shotgun sequence"
GCA_001084685.1_8727_5_51,"CQLK01000001.1 Neisseria gonorrhoeae genome assembly 8727_5#51, scaffold ERS135404SCcontig000001, whole genome shotgun sequence"
GCA_001085725.1_8727_5_52,"CQJM01000001.1 Neisseria gonorrhoeae genome assembly 8727_5#52, scaffold ERS135602SCcontig000001, whole genome shotgun sequence"
GCA_001085765.1_6714_1_20,"CMXE01000001.1 Neisseria meningitidis genome assembly 6714_1#20, scaffold ERS040980SCcontig000001, whole genome shotgun sequence"
GCA_001086285.1_6714_4_10,"CMZO01000001.1 Neisseria meningitidis genome assembly 6714_4#10, scaffold ERS041042SCcontig000001, whole genome shotgun sequence"
GCA_001086345.1_8727_8_40,"CQOQ01000001.1 Neisseria gonorrhoeae genome assembly 8727_8#40, scaffold ERS135580SCcontig000001, whole genome shotgun sequence"
GCA_001294205.1_ASM129420v1,"LAQT01000001.1 Amantichitinum ursilacus strain IGB-41 contig01, whole genome shotgun sequence"
GCA_001408935.1_KK3,"HG426717.1 Kingella kingae KK3 genomic scaffold, scaffold00001, whole genome shotgun sequence"
GCA_001457815.1_Vitreoscilla_massiliensis,"LN898212.1 Vitreoscilla sp. SN6 genome assembly Vitreoscilla massiliensis, scaffold scaffold00001, whole genome shotgun sequence"
GCA_001458475.1_KKKWG1,"LN869922.1 Kingella kingae genome assembly KKKWG1, chromosome : I"
GCA_001556165.1_ASM155616v1,"LSII01000001.1 Neisseria perflava strain CCH6-A12 CCH6-A12_contig1, whole genome shotgun sequence"
GCA_001556335.1_ASM155633v1,"LSIR01000001.1 Neisseria mucosa strain CCH7-A10 CCH7-A10_contig1, whole genome shotgun sequence"
GCA_001556395.1_ASM155639v1,"LSIT01000001.1 Neisseria perflava strain CCH10-H12 CCH10-H12_contig1, whole genome shotgun sequence"
GCA_001590725.1_ASM159072v1,"LQXR01000001.1 Snodgrassella sp. CFCC 13594 contig00001, whole genome shotgun sequence"
GCA_001592185.1_ASM159218v1,"BCWL01000001.1 Bergeriella denitrificans NBRC 102155 DNA, contig: BDE01S_CON0001_0001, whole genome shotgun sequence"
GCA_001618015.1_ASM161801v1,"LAEH01000010.1 Neisseria flavescens strain CD-NF1 seq0004, whole genome shotgun sequence"
GCA_001618065.1_ASM161806v1,"LAEI01000012.1 Neisseria flavescens strain CD-NF2 seq0027, whole genome shotgun sequence"
GCA_001618075.1_ASM161807v1,"LAEJ01000006.1 Neisseria flavescens strain CD-NF3 seq0006, whole genome shotgun sequence"
GCA_001618085.1_ASM161808v1,"LAEK01000014.1 Neisseria flavescens strain CNF seq0014, whole genome shotgun sequence"
GCA_001619695.1_ASM161969v1,"LQQU01000001.1 Crenobacter luteus strain CN10 contig_1, whole genome shotgun sequence"
GCA_001648235.1_ASM164823v1,"LXSF01000001.1 Eikenella corrodens strain NML01-0328 Eikcor_contig000001, whole genome shotgun sequence"
GCA_001648245.1_ASM164824v1,"LXSG01000001.1 Eikenella corrodens strain NML04-0072 Eikcor_contig000001, whole genome shotgun sequence"
GCA_001648255.1_ASM164825v1,"LXSE01000001.1 Eikenella corrodens strain NML01-0040 Eikcor_contig000001, whole genome shotgun sequence"
GCA_001648265.1_ASM164826v1,"LXSH01000001.1 Eikenella corrodens strain NML120819 Eikcor_contig000001, whole genome shotgun sequence"
GCA_001648315.1_ASM164831v1,"LXSI01000001.1 Eikenella corrodens strain NML130388 Eikcorr_contig000001, whole genome shotgun sequence"
GCA_001648335.1_ASM164833v1,"LXSJ01000001.1 Eikenella corrodens strain NML140207 Eikcor_contig000001, whole genome shotgun sequence"
GCA_001648345.1_ASM164834v1,"LXSK01000001.1 Eikenella sp. NML01-A-086 Eiksp_contig000001, whole genome shotgun sequence"
GCA_001648355.1_ASM164835v1,"LXSL01000001.1 Eikenella longinqua strain NML02-A-017 Eiksp_contig000001, whole genome shotgun sequence"
GCA_001648395.1_ASM164839v1,"LXSM01000001.1 Eikenella sp. NML03-A-027 Eiksp_contig000001, whole genome shotgun sequence"
GCA_001648415.1_ASM164841v1,"LXSN01000001.1 Eikenella sp. NML070372 Eiksp_contig000001, whole genome shotgun sequence"
GCA_001648425.1_ASM164842v1,"LXSO01000001.1 Eikenella sp. NML080894 Eiksp_contig000001, whole genome shotgun sequence"
GCA_001648435.1_ASM164843v1,"LXSP01000001.1 Eikenella sp. NML120348 Eiksp_contig000001, whole genome shotgun sequence"
GCA_001648475.1_ASM164847v1,"LXSQ01000001.1 Eikenella halliae strain NML130454 Eiksp_contig000001, whole genome shotgun sequence"
GCA_001648495.1_ASM164849v1,"LXSR01000001.1 Eikenella sp. NML96-A-049 Eiksp_contig000001, whole genome shotgun sequence"
GCA_001648505.1_ASM164850v1,"LXSS01000001.1 Eikenella sp. NML97-A-109 Eiksp_contig000001, whole genome shotgun sequence"
GCA_001648535.1_ASM164853v1,"LXST01000001.1 Eikenella sp. NML99-0057 Eiksp_contig000001, whole genome shotgun sequence"
GCA_001809035.1_ASM180903v1,"KV795503.1 Eikenella sp. HMSC061C02 genomic scaffold Scaffold2, whole genome shotgun sequence"
GCA_001811325.1_ASM181132v1,"KV804515.1 Eikenella sp. HMSC071B05 genomic scaffold Scaffold0, whole genome shotgun sequence"
GCA_001815545.1_ASM181554v1,"KV820966.1 Eikenella sp. HMSC073A11 genomic scaffold Scaffold0, whole genome shotgun sequence"
GCA_002019415.1_ASM201941v1,"MVDP01000065.1 Snodgrassella alvi strain Aw-20 NODE_1, whole genome shotgun sequence"
GCA_002022745.1_ASM202274v1,"CP019894.1 Neisseria lactamica strain Y92-1009 chromosome, complete genome"
GCA_002073715.2_ASM207371v2,"CP020452.2 Neisseria mucosa strain FDAARGOS_260 chromosome, complete genome"
GCA_002088395.1_ASM208839v1,"NAHC01000084.1 Snodgrassella alvi strain A2 NODE_1, whole genome shotgun sequence"
GCA_002088405.1_ASM208840v1,"NAGY01000063.1 Snodgrassella alvi strain A-10-12 NODE_1, whole genome shotgun sequence"
GCA_002088415.1_ASM208841v1,"NAGW01000088.1 Snodgrassella alvi strain Aw-18 NODE_1, whole genome shotgun sequence"
GCA_002088455.1_ASM208845v1,"NAHE01000109.1 Snodgrassella alvi strain A3 NODE_1, whole genome shotgun sequence"
GCA_002088465.1_ASM208846v1,"NAHG01000172.1 Snodgrassella alvi strain A-5-24 NODE_1, whole genome shotgun sequence"
GCA_002088475.1_ASM208847v1,"NAHF01000120.1 Snodgrassella alvi strain A5 NODE_1, whole genome shotgun sequence"
GCA_002088515.1_ASM208851v1,"NAHH01000062.1 Snodgrassella alvi strain A-9-24 NODE_1, whole genome shotgun sequence"
GCA_002088525.1_ASM208852v1,"NAHI01000075.1 Snodgrassella alvi strain N-W4 NODE_1, whole genome shotgun sequence"
GCA_002088555.1_ASM208855v1,"NAHJ01000062.1 Snodgrassella alvi strain N-W7 NODE_1, whole genome shotgun sequence"
GCA_002088575.1_ASM208857v1,"NAHK01000129.1 Snodgrassella alvi strain N9 NODE_1, whole genome shotgun sequence"
GCA_002088585.1_ASM208858v1,"NAHD01000075.1 Snodgrassella alvi strain A-2-12 NODE_1, whole genome shotgun sequence"
GCA_002088595.1_ASM208859v1,"NAHM01000073.1 Snodgrassella alvi strain N-S2 NODE_1, whole genome shotgun sequence"
GCA_002088635.1_ASM208863v1,"NAHN01000079.1 Snodgrassella alvi strain N-S3 NODE_1, whole genome shotgun sequence"
GCA_002088655.1_ASM208865v1,"NAHQ01000128.1 Snodgrassella alvi strain N-23 NODE_1, whole genome shotgun sequence"
GCA_002088665.1_ASM208866v1,"NAHO01000038.1 Snodgrassella alvi strain N-S4 NODE_1, whole genome shotgun sequence"
GCA_002088675.1_ASM208867v1,"NAGX01000214.1 Snodgrassella alvi strain A12 NODE_1, whole genome shotgun sequence"
GCA_002088695.1_ASM208869v1,"NAHA01000090.1 Snodgrassella alvi strain A-11-12 NODE_1, whole genome shotgun sequence"
GCA_002088735.1_ASM208873v1,"NAHB01000058.1 Snodgrassella alvi strain A-1-12 NODE_1, whole genome shotgun sequence"
GCA_002088755.1_ASM208875v1,"NAHL01000098.1 Snodgrassella alvi strain N-S1 NODE_1, whole genome shotgun sequence"
GCA_002088765.1_ASM208876v1,"NAHP01000077.1 Snodgrassella alvi strain N-S5 NODE_1, whole genome shotgun sequence"
GCA_002089015.1_ASM208901v1,"NAGZ01000122.1 Snodgrassella alvi strain A11 NODE_1, whole genome shotgun sequence"
GCA_002108495.1_ASM210849v1,"MTBL01000100.1 Neisseria canis strain ATCC 14687 NODE_100_length_445_cov_0.77044_ID_199, whole genome shotgun sequence"
GCA_002108505.1_ASM210850v1,"MTAC01000099.1 Neisseria dumasiana strain 93087 NODE_100_length_405_cov_0.672662_ID_199, whole genome shotgun sequence"
GCA_002108535.1_ASM210853v1,"MTAA01000100.1 Neisseria dumasiana strain 114725 NODE_100_length_439_cov_0.788462_ID_199, whole genome shotgun sequence"
GCA_002108545.1_ASM210854v1,"MTAB01000100.1 Neisseria dumasiana strain 124861 NODE_100_length_475_cov_1.21839_ID_199, whole genome shotgun sequence"
GCA_002108575.1_ASM210857v1,"MTBM01000010.1 Neisseria zoodegmatis strain DSM 21643 NODE_10_length_92276_cov_34.388_ID_19, whole genome shotgun sequence"
GCA_002108595.1_ASM210859v1,"MTBO01000100.1 Neisseria dentiae strain DSM 19151 NODE_100_length_709_cov_90.7698_ID_199, whole genome shotgun sequence"
GCA_002108605.1_ASM210860v1,"MTBN01000010.1 Neisseria animaloris strain DSM 21642 NODE_10_length_66394_cov_33.9496_ID_19, whole genome shotgun sequence"
GCA_002204395.1_ASM220439v1,"NHRS01000001.1 Eikenella corrodens strain KCOM 1378 B230_1_1, whole genome shotgun sequence"
GCA_002216145.1_ASM221614v1,"CP022278.1 Neisseria chenwenguii strain 10023 chromosome, complete genome"
GCA_002222655.1_ASM222265v1,"CP022423.1 Vitreoscilla filiformis strain ATCC 15551 chromosome, complete genome"
GCA_002318615.1_ASM231861v1,"NGBO01000010.1 Neisseria lactamica strain NlUS07x1 NODE_10_length_92799_cov_74.7785_ID_12028, whole genome shotgun sequence"
GCA_002327085.1_ASM232708v1,"CP023429.1 Neisseria weixii strain 10022 chromosome, complete genome"
GCA_002406645.1_ASM240664v1,"NXEN01000131.1 Snodgrassella alvi strain E1 Contig_1, whole genome shotgun sequence"
GCA_002777315.1_ASM277731v1,"MDVB01000001.1 Snodgrassella alvi strain App2-2 1196083.48_ctg0890, whole genome shotgun sequence"
GCA_002777325.1_ASM277732v1,"MDUZ01000001.1 Snodgrassella alvi strain Pens2-2-5 1196083.22_NODE_1, whole genome shotgun sequence"
GCA_002777335.1_ASM277733v1,"MDUY01000001.1 Snodgrassella communis strain Gris2-3-4 1196083.20_NODE_1, whole genome shotgun sequence"
GCA_002777345.1_ASM277734v1,"MDVA01000001.1 Snodgrassella communis strain Snod2-1-5 1196083.23_NODE_1, whole genome shotgun sequence"
GCA_002777415.1_ASM277741v1,"MDVE01000001.1 Snodgrassella communis strain Fer1-2 1196083.52_ctg7180000001722, whole genome shotgun sequence"
GCA_002777425.1_ASM277742v1,"MDVC01000001.1 Snodgrassella alvi strain App4-8 1196083.49_ctg0743, whole genome shotgun sequence"
GCA_002777465.1_ASM277746v1,"MDVD01000001.1 Snodgrassella alvi strain App6-4 1196083.50_ctg0981, whole genome shotgun sequence"
GCA_002777485.1_ASM277748v1,"MDVF01000001.1 Snodgrassella communis strain Fer2-2 1196083.53_ctg7180000002541, whole genome shotgun sequence"
GCA_002777495.1_ASM277749v1,"MDVG01000001.1 Snodgrassella alvi strain Fer4-2 1196083.54_ctg2529, whole genome shotgun sequence"
GCA_002777525.1_ASM277752v1,"MDVH01000001.1 Snodgrassella communis strain Gris1-3 1196083.55_ctg7180000000150, whole genome shotgun sequence"
GCA_002777575.1_ASM277757v1,"MEIS01000001.1 Snodgrassella alvi strain Nev3CBA3 1196083.61_ctg4346, whole genome shotgun sequence"
GCA_002777595.1_ASM277759v1,"MDVJ01000001.1 Snodgrassella communis strain Gris3-4 1196083.57_ctg7180000001052, whole genome shotgun sequence"
GCA_002777615.1_ASM277761v1,"MDVI01000001.1 Snodgrassella communis strain Gris1-6 1196083.56_ctg7180000000321, whole genome shotgun sequence"
GCA_002777635.1_ASM277763v1,"MEIQ01000001.1 Snodgrassella communis strain Occ4-2 1196083.63_ctg7180000000386, whole genome shotgun sequence"
GCA_002777655.1_ASM277765v1,"MEIL01000001.1 Snodgrassella alvi strain wkB273 1196083.68_ctg7180000000434, whole genome shotgun sequence"
GCA_002777675.1_ASM277767v1,"MEIP01000001.1 Snodgrassella alvi strain Ruf1-X 1196083.64_ctg7180000000714, whole genome shotgun sequence"
GCA_002777695.1_ASM277769v1,"MEIJ01000001.1 Snodgrassella alvi strain wkB332 1196083.70_ctg7180000000219, whole genome shotgun sequence"
GCA_002777705.1_ASM277770v1,"MEIU01000001.1 Snodgrassella alvi strain HK3 1196083.58_ctg7180000000232, whole genome shotgun sequence"
GCA_002777735.1_ASM277773v1,"MEIN01000001.1 Snodgrassella alvi strain wkB9 1196083.66_ctg7180000000370, whole genome shotgun sequence"
GCA_002777745.1_ASM277774v1,"MEIO01000001.1 Snodgrassella alvi strain WF3-3 1196083.65_ctg7180000001692, whole genome shotgun sequence"
GCA_002777775.1_ASM277777v1,"MEIM01000001.1 Snodgrassella alvi strain wkB237 1196083.67_ctg7180000000073, whole genome shotgun sequence"
GCA_002777795.1_ASM277779v1,"MEIT01000001.1 Snodgrassella alvi strain HK9x 1196083.59_ctg7180000000388, whole genome shotgun sequence"
GCA_002777815.1_ASM277781v1,"MEII01000001.1 Snodgrassella alvi strain wkB339 1196083.71_ctg7180000000786, whole genome shotgun sequence"
GCA_002777825.1_ASM277782v1,"MEIR01000001.1 Snodgrassella alvi strain Nev4-2 1196083.62_ctg7180000001399, whole genome shotgun sequence"
GCA_002777855.1_ASM277785v1,"MEIK01000001.1 Snodgrassella alvi strain wkB298 1196083.69_ctg7180000001191, whole genome shotgun sequence"
GCA_002777865.1_ASM277786v1,"MEIV01000001.1 Snodgrassella alvi strain PEB0171 NODE_101_length_1253_cov_55.999203, whole genome shotgun sequence"
GCA_002777875.1_ASM277787v1,"MEIW01000001.1 Snodgrassella alvi strain PEB0178 NODE_100_length_533_cov_42.341465, whole genome shotgun sequence"
GCA_002777925.1_ASM277792v1,"MEIX01000001.1 Snodgrassella alvi strain MS1-3 NODE_103_length_392_cov_44.783165, whole genome shotgun sequence"
GCA_002847985.1_ASM284798v1,"PKJP01000001.1 Neisseria perflava strain UMB0210 ERR1203623.17957_1_35.1, whole genome shotgun sequence"
GCA_002863285.1_ASM286328v1,"PKJO01000001.1 Neisseria sicca strain UMB0321 .16933_8_31.1, whole genome shotgun sequence"
GCA_002863305.1_ASM286330v1,"PKJQ01000001.1 Neisseria perflava strain UMB0023 .16933_8_36.1, whole genome shotgun sequence"
GCA_002892535.1_ASM289253v1,"CP024847.1 Aquella oligotrophica strain DSM 100970 chromosome, complete genome"
GCA_002951835.1_ASM295183v1,"CP019448.1 Simonsiella muelleri ATCC 29453 chromosome, complete genome"
GCA_002951955.2_ASM295195v2,"CP019644.2 Vitreoscilla sp. C1 chromosome, complete genome"
GCA_003013245.1_ASM301324v1,"PXYY01000001.1 Neisseria iguanae strain ATCC 51483 Scaffold1, whole genome shotgun sequence"
GCA_003028315.1_ASM302831v1,"CP028150.1 Neisseria mucosa strain ATCC 19696 chromosome, complete genome"
GCA_003044345.1_ASM304434v1,"PQVC01000010.1 Neisseria sicca strain C2006001571 NODE_10_length_80836_cov_37.383848, whole genome shotgun sequence"
GCA_003044355.1_ASM304435v1,"POWU01000001.1 Neisseria subflava strain C2005001510 C2005001510_S5_ctg_1584, whole genome shotgun sequence"
GCA_003044385.1_ASM304438v1,"POWV01000001.1 Neisseria subflava strain C2007002879 C2007002879_S10_ctg_1797, whole genome shotgun sequence"
GCA_003044395.1_ASM304439v1,"POWT01000001.1 Neisseria mucosa strain C2004002444 C2004002444_S2_ctg_8540, whole genome shotgun sequence"
GCA_003044425.1_ASM304442v1,"POWW01000001.1 Neisseria sicca strain C2007003584 C2007003584_S11_ctg_1424, whole genome shotgun sequence"
GCA_003044445.1_ASM304444v1,"POWX01000001.1 Neisseria mucosa strain C2008000159 C2008000159_S12_ctg_3077, whole genome shotgun sequence"
GCA_003044505.1_ASM304450v1,"POXB01000001.1 Neisseria subflava strain C2008001664 C2008001664_S18_ctg_2108, whole genome shotgun sequence"
GCA_003044525.1_ASM304452v1,"POXD01000001.1 Neisseria subflava strain C2009010520 C2009010520_S24_ctg_1017, whole genome shotgun sequence"
GCA_003044545.1_ASM304454v1,"POXF01000001.1 Neisseria weaveri strain C2009035459 C2009035459_S27_ctg_1579, whole genome shotgun sequence"
GCA_003044565.1_ASM304456v1,"POXG01000001.1 Neisseria sicca strain C2010005502 C2010005502_S29_ctg_3132, whole genome shotgun sequence"
GCA_003044585.1_ASM304458v1,"POXK01000001.1 Neisseria subflava strain C2011004960 C2011004960_S25_ctg_726, whole genome shotgun sequence"
GCA_003044605.1_ASM304460v1,"POXH01000001.1 Neisseria elongata strain C2010010207 C2010010207_S24_ctg_2276, whole genome shotgun sequence"
GCA_003044625.1_ASM304462v1,"POXJ01000001.1 Neisseria elongata strain C2011003085 C2011003085_S34_ctg_1122, whole genome shotgun sequence"
GCA_003044645.1_ASM304464v1,"POXL01000001.1 Neisseria subflava strain C2011009653 C2011009653_S23_ctg_859, whole genome shotgun sequence"
GCA_003044665.1_ASM304466v1,"POXO01000001.1 Neisseria subflava strain C2011033015 C2011033015_S30_ctg_1817, whole genome shotgun sequence"
GCA_003044675.1_ASM304467v1,"POXQ01000001.1 Neisseria cinerea strain C2012028592 C2012028592_S32_ctg_646, whole genome shotgun sequence"
GCA_003044705.1_ASM304470v1,"POXR01000001.1 Neisseria animaloris strain C2012029644 C2012029644_S33_ctg_802, whole genome shotgun sequence"
GCA_003044725.1_ASM304472v1,"POXV01000001.1 Neisseria elongata strain C2013018262 C2013018262_S38_ctg_1729, whole genome shotgun sequence"
GCA_003044745.1_ASM304474v1,"POXW01000001.1 Neisseria cinerea strain C2013024221 C2013024221_S39_ctg_602, whole genome shotgun sequence"
GCA_003044765.1_ASM304476v1,"POXX01000001.1 Neisseria sicca strain C2014002478 C2014002478_S40_ctg_11857, whole genome shotgun sequence"
GCA_003044785.1_ASM304478v1,"POXY01000001.1 Neisseria elongata strain C2014003241 C2014003241_S41_ctg_1515, whole genome shotgun sequence"
GCA_003044805.1_ASM304480v1,"POXA01000001.1 Neisseria wadsworthii strain C2008000421 C2008000421_S15_ctg_2781, whole genome shotgun sequence"
GCA_003044825.1_ASM304482v1,"POXZ01000001.1 Neisseria cinerea strain C2014013859 C2014013859_S42_ctg_581, whole genome shotgun sequence"
GCA_003044845.1_ASM304484v1,"POXC01000001.1 Neisseria subflava strain C2008002238 C2008002238_S21_ctg_1441, whole genome shotgun sequence"
GCA_003044855.1_ASM304485v1,"POYA01000001.1 Neisseria cinerea strain C2014019557 C2014019557_S44_ctg_575, whole genome shotgun sequence"
GCA_003044885.1_ASM304488v1,"POXI01000001.1 Neisseria weaveri strain C2010015191 C2010015191_S31_ctg_1195, whole genome shotgun sequence"
GCA_003044905.1_ASM304490v1,"POXE01000001.1 Neisseria weaveri strain C2009028987 C2009028987_S26_ctg_1957, whole genome shotgun sequence"
GCA_003044925.1_ASM304492v1,"POXM01000001.1 Neisseria subflava strain C2011020198 C2011020198_S29_ctg_1123, whole genome shotgun sequence"
GCA_003044935.1_ASM304493v1,"POXP01000001.1 Neisseria subflava strain C2012011976 C2012011976_S31_ctg_494, whole genome shotgun sequence"
GCA_003044965.1_ASM304496v1,"POXN01000001.1 Neisseria subflava strain C2011020199 C2011020199_S35_ctg_1593, whole genome shotgun sequence"
GCA_003044985.1_ASM304498v1,"POXS01000001.1 Neisseria elongata strain C2013010062 C2013010062_S35_ctg_2381, whole genome shotgun sequence"
GCA_003044995.1_ASM304499v1,"POXU01000020.1 Neisseria weaveri strain C2013013825 C2013013825_S37_ctg_1034, whole genome shotgun sequence"
GCA_003045025.1_ASM304502v1,"POYB01000001.1 Neisseria subflava strain C2014021188 C2014021188_S45_ctg_1232, whole genome shotgun sequence"
GCA_003045035.1_ASM304503v1,"POXT01000001.1 Neisseria polysaccharea strain C2013011231 C2013011231_S36_ctg_2176, whole genome shotgun sequence"
GCA_003045095.1_ASM304509v1,"POYC01000008.1 Neisseria animaloris strain C2015003240 C2015003240_S46_ctg_604, whole genome shotgun sequence"
GCA_003201855.1_ASM320185v1,"QJKI01000001.1 Rivicola pingtungensis strain DSM 29661 Ga0244579_101, whole genome shotgun sequence"
GCA_003202885.1_ASM320288v1,"QGLS01000001.1 Snodgrassella alvi strain ESL0196 Ga0133560_101, whole genome shotgun sequence"
GCA_003351545.1_ASM335154v1,"CP031252.1 Neisseria elongata strain M15911 chromosome, complete genome"
GCA_003351565.1_ASM335156v1,"CP031253.1 Neisseria lactamica strain M17106 chromosome, complete genome"
GCA_003351665.1_ASM335166v1,"CP031251.1 Neisseria subflava strain M18660 chromosome, complete genome"
GCA_003351685.1_ASM335168v1,"CP031255.1 Neisseria elongata strain M15910 chromosome, complete genome"
GCA_003355195.1_ASM335519v1,"CP031325.1 Neisseria polysaccharea strain M18661 chromosome, complete genome"
GCA_003355495.1_ASM335549v1,CP031337.1 Crenobacter cavernae strain K1W11S-77 chromosome
GCA_003492145.1_ASM349214v1,"QQMV01000001.1 Neisseria lactamica strain M37142 M37142_HUY4067A186_cleaned_ctg_8121, whole genome shotgun sequence"
GCA_003492155.1_ASM349215v1,"QQMU01000001.1 Neisseria lactamica strain M37110 M37110_CHA4301A24_cleaned_ctg_2172, whole genome shotgun sequence"
GCA_003492195.1_ASM349219v1,"QQMS01000039.1 Neisseria lactamica strain M37058 M37058_HUY4067A164_cleaned_ctg_10602, whole genome shotgun sequence"
GCA_003492345.1_ASM349234v1,"QQML01000001.1 Neisseria lactamica strain M37073 M37073_HUY4067A167_cleaned_ctg_8224, whole genome shotgun sequence"
GCA_003492385.1_ASM349238v1,"QQMI01000001.1 Neisseria lactamica strain M37155 M37155_HUY4067A190_cleaned_ctg_7549, whole genome shotgun sequence"
GCA_003492425.1_ASM349242v1,"QQMH01000001.1 Neisseria lactamica strain M37130 M37130_HUY4067A180_cleaned_ctg_8129, whole genome shotgun sequence"
GCA_003492465.1_ASM349246v1,"QQMF01000001.1 Neisseria lactamica strain M37094 M37094_CHA4301A20_cleaned_ctg_6628, whole genome shotgun sequence"
GCA_003492555.1_ASM349255v1,"QQMA01000033.1 Neisseria lactamica strain M37157 M37157_HUY4067A192_cleaned_ctg_10773, whole genome shotgun sequence"
GCA_003492625.1_ASM349262v1,"QQLW01000001.1 Neisseria lactamica strain M37137 M37137_HUY4067A184_cleaned_ctg_8393, whole genome shotgun sequence"
GCA_003492765.1_ASM349276v1,"QQLS01000043.1 Neisseria lactamica strain M37078 M37078_HUY4067A168_cleaned_ctg_10353, whole genome shotgun sequence"
GCA_003492775.1_ASM349277v1,"QQLQ01000001.1 Neisseria lactamica strain M37136 M37136_HUY4067A183_cleaned_ctg_8721, whole genome shotgun sequence"
GCA_003492845.1_ASM349284v1,"QQLN01000001.1 Neisseria lactamica strain M37131 M37131_HUY4067A181_cleaned_ctg_7787, whole genome shotgun sequence"
GCA_003492865.1_ASM349286v1,"QQLL01000001.1 Neisseria lactamica strain M37101 M37101_CHA4301A21_cleaned_ctg_2882, whole genome shotgun sequence"
GCA_003492955.1_ASM349295v1,"QQLG01000001.1 Neisseria lactamica strain M37119 M37119_HUY4067A177_cleaned_ctg_7927, whole genome shotgun sequence"
GCA_003493045.1_ASM349304v1,"QQLC01000001.1 Neisseria lactamica strain M37107 M37107_CHA4301A23_cleaned_ctg_2561, whole genome shotgun sequence"
GCA_003493185.1_ASM349318v1,"QQKV01000001.1 Neisseria lactamica strain M37132 M37132_HUY4067A182_cleaned_ctg_6207, whole genome shotgun sequence"
GCA_003493215.1_ASM349321v1,"QQKU01000001.1 Neisseria lactamica strain M37079 M37079_CHA4301A17_cleaned_ctg_3076, whole genome shotgun sequence"
GCA_003493855.1_ASM349385v1,"QQJN01000001.1 Neisseria lactamica strain M37146 M37146_HUY4067A188_cleaned_ctg_7091, whole genome shotgun sequence"
GCA_003495225.1_ASM349522v1,"QQEZ01000004.1 Neisseria polysaccharea strain M38962 M38962_S4_cleaned_ctg_1000, whole genome shotgun sequence"
GCA_003495405.1_ASM349540v1,"QQEQ01000006.1 Neisseria lactamica strain M37179 M37179_CHA4079A28_cleaned_ctg_1958, whole genome shotgun sequence"
GCA_003495565.1_ASM349556v1,"QQEI01000001.1 Neisseria lactamica strain M37177 M37177_CHA4079A26_cleaned_ctg_1109, whole genome shotgun sequence"
GCA_003495575.1_ASM349557v1,"QQEH01000006.1 Neisseria lactamica strain M37164 M37164_CHA4079A13_cleaned_ctg_2053, whole genome shotgun sequence"
GCA_003495835.1_ASM349583v1,"QQDU01000001.1 Neisseria lactamica strain M37163 M37163_CHA4079A12_cleaned_ctg_1734, whole genome shotgun sequence"
GCA_003496195.1_ASM349619v1,"QQDC01000001.1 Neisseria lactamica strain M37167 M37167_CHA4079A16_cleaned_ctg_2316, whole genome shotgun sequence"
GCA_003496425.1_ASM349642v1,"QQCQ01000001.1 Neisseria lactamica strain M37140 M37140_CHA4016A11_cleaned_ctg_2555, whole genome shotgun sequence"
GCA_003496485.1_ASM349648v1,"QQCO01000001.1 Neisseria lactamica strain M37084 M37084_CHA4016A3_cleaned_ctg_2582, whole genome shotgun sequence"
GCA_003496665.1_ASM349666v1,"QQCF01000001.1 Neisseria lactamica strain M17105 M17105_HUY3124A92_cleaned_ctg_7452, whole genome shotgun sequence"
GCA_003638775.1_ASM363877v1,"RBJY01000422.1 MAG: Kingella sp. (in: b-proteobacteria) isolate bin_18 NODE_100154_length_1284_cov_2.28234, whole genome shotgun sequence"
GCA_003640295.1_ASM364029v1,"RBJZ01000316.1 MAG: Kingella sp. (in: b-proteobacteria) isolate bin_19 NODE_100027_length_1286_cov_35.407, whole genome shotgun sequence"
GCA_003790445.1_ASM379044v1,"RKIL01000012.1 Neisseria chenwenguii strain 10010 Scaffold10_1, whole genome shotgun sequence"
GCA_003795365.1_ASM379536v1,"RKRJ01000010.1 Neisseria animalis strain DSM 23392 Scaffold10_1, whole genome shotgun sequence"
GCA_003813805.1_ASM381380v1,"RPFL01000108.1 Neisseria sp. 10009 Scaffold100_1, whole genome shotgun sequence"
GCA_003813885.1_ASM381388v1,"RPFM01000102.1 Neisseria sp. 10011 Scaffold100_1, whole genome shotgun sequence"
GCA_003860055.1_ASM386005v1,"RQYC01000001.1 Conchiformibius steedae strain COT-280 scaffold_0, whole genome shotgun sequence"
GCA_003990355.1_ASM399035v1,"CP034670.1 Eikenella corrodens strain KCOM 3110 chromosome, complete genome"
GCA_004134915.1_ASM413491v1,"REGR01000008.1 Crenobacter cavernae strain CAVE-375 NODE_10_length_112847_cov_380.790432, whole genome shotgun sequence"
GCA_004341385.1_ASM434138v1,"SLXE01000001.1 Uruburuella suis strain DSM 17474 Ga0310504_101, whole genome shotgun sequence"
GCA_004345725.1_ASM434572v1,"SLXG01000001.1 Crenobacter luteus strain DSM 27258 Ga0310525_101, whole genome shotgun sequence"
GCA_004919095.1_ASM491909v1,"STGJ01000001.1 Crenobacter intestini strain GY 70310 Scaffold1, whole genome shotgun sequence"
GCA_005221285.1_ASM522128v1,"CP039886.1 Neisseria flavescens strain ATCC 13120 chromosome, complete genome"
GCA_005221305.1_ASM522130v1,"CP039887.1 Neisseria subflava strain ATCC 49275 chromosome, complete genome"
GCA_007667085.1_ASM766708v1,"VDQK01000100.1 Neisseria sicca strain DE0496 NODE_100_length_3125_cov_88.960483, whole genome shotgun sequence"
GCA_007667125.1_ASM766712v1,"VDQM01000100.1 Neisseria sicca strain DE0493 NODE_100_length_3317_cov_103.183467, whole genome shotgun sequence"
GCA_007673275.1_ASM767327v1,"VDZJ01001000.1 Neisseria sicca strain DE0367 NODE_1000_length_269_cov_0.271845, whole genome shotgun sequence"
GCA_008033135.1_ASM803313v1,"CP041335.1 Chitinolyticbacter meiyuanensis strain SYBC-H1 chromosome, complete genome"
GCA_008330805.1_ASM833080v1,"CP021520.1 Neisseria meningitidis strain 11-7 chromosome, complete genome"
GCA_008805035.1_ASM880503v1,"CP038018.1 Eikenella exigua strain PXX chromosome, complete genome"
GCA_008806995.1_ASM880699v1,"CP031699.1 Neisseria animalis strain ATCC 49930 chromosome, complete genome"
GCA_008807015.1_ASM880701v1,"CP031700.1 Neisseria zalophi strain ATCC BAA-2455 chromosome, complete genome"
GCA_009650805.1_ASM965080v1,"VYYM01000010.1 Eikenella corrodens strain EI_07 NODE_10_length_69170_cov_87.820821, whole genome shotgun sequence"
GCA_009650815.1_ASM965081v1,"VYYK01000010.1 Eikenella corrodens strain EI_09 NODE_10_length_86180_cov_71.7602, whole genome shotgun sequence"
GCA_009650825.1_ASM965082v1,"VYYO01000093.1 Eikenella corrodens strain EI_05 NODE_100_length_559_cov_572.106, whole genome shotgun sequence"
GCA_009650835.1_ASM965083v1,"VYYN01000100.1 Eikenella corrodens strain EI_06 NODE_100_length_2291_cov_180.780939, whole genome shotgun sequence"
GCA_009650845.1_ASM965084v1,"VYYL01000100.1 Eikenella corrodens strain EI_08 NODE_100_length_1374_cov_127.106, whole genome shotgun sequence"
GCA_009650905.1_ASM965090v1,"VYYQ01000091.1 Eikenella corrodens strain EI_03 NODE_101_length_356_cov_384.151, whole genome shotgun sequence"
GCA_009650925.1_ASM965092v1,"VYYP01000098.1 Eikenella corrodens strain EI_04 NODE_102_length_803_cov_8.75482, whole genome shotgun sequence"
GCA_009650935.1_ASM965093v1,"VYYR01000010.1 Eikenella exigua strain EI_02 NODE_10_length_43356_cov_60.3054, whole genome shotgun sequence"
GCA_009650945.1_ASM965094v1,"VYYS01000010.1 Eikenella corrodens strain EI_01 NODE_10_length_79068_cov_67.7507, whole genome shotgun sequence"
GCA_009665055.1_ASM966505v1,"WJXO01000001.1 Neisseria brasiliensis strain N.95.16 1, whole genome shotgun sequence"
GCA_009671065.1_ASM967106v1,"CP046027.1 Neisseria brasiliensis strain N.177.16 chromosome, complete genome"
GCA_009831765.1_ASM983176v1,"WSSB01000001.1 Craterilacuibacter sinensis strain B2N2-7 Scaffold1, whole genome shotgun sequence"
GCA_010435965.1_ASM1043596v1,"JAAGAA010000011.1 Crenobacter sedimenti strain HX-7-9 Scaffold10_1, whole genome shotgun sequence"
GCA_011045755.1_ASM1104575v1,"CP045141.1 Kingella kingae strain F41215CHC chromosome, complete genome"
GCA_011612385.1_ASM1161238v1,"CP050136.1 Kingella kingae strain ATCC 23332 chromosome, complete genome"
GCA_011612705.1_ASM1161270v1,"CP050135.1 Kingella kingae strain ATCC 23331 chromosome, complete genome"
GCA_013030075.1_ASM1303007v1,"AP023069.1 Neisseria gonorrhoeae TUM19854 DNA, complete genome"
GCA_013267835.1_ASM1326783v1,"CP053939.1 Neisseria mucosa strain FDAARGOS_758 chromosome, complete genome"
GCA_013344955.1_ASM1334495v1,"JAAEDS010000001.1 Snodgrassella sp. ESL0324 Ga0227306_101, whole genome shotgun sequence"
GCA_013344965.1_ASM1334496v1,"JAAEDQ010000001.1 Snodgrassella sp. ESL0253 Ga0227310_101, whole genome shotgun sequence"
GCA_013344995.1_ASM1334499v1,"JAAEDR010000001.1 Snodgrassella sp. ESL0304 Ga0227304_101, whole genome shotgun sequence"
GCA_013346865.1_ASM1334686v1,"JAAEDT010000001.1 Snodgrassella sp. ESL0323 Ga0227305_101, whole genome shotgun sequence"
GCA_014054525.1_ASM1405452v1,"CP059564.1 Alysiella filiformis strain DSM 16848 chromosome, complete genome"
GCA_014054725.1_ASM1405472v1,"CP059563.1 Conchiformibius steedae strain DSM 2580 chromosome, complete genome"
GCA_014054885.1_ASM1405488v1,"CP059565.1 Neisseria wadsworthii strain DSM 22245 chromosome, complete genome"
GCA_014054945.1_ASM1405494v1,"CP059566.1 Neisseria sicca strain DSM 17713 chromosome, complete genome"
GCA_014054965.1_ASM1405496v1,"CP059567.1 Neisseria shayeganii strain DSM 22244 chromosome, complete genome"
GCA_014054985.1_ASM1405498v1,"CP059569.1 Kingella oralis strain DSM 18271 chromosome, complete genome"
GCA_014055005.1_ASM1405500v1,"CP059570.1 Neisseria dentiae strain DSM 19151 chromosome, complete genome"
GCA_014055025.1_ASM1405502v1,"CP059571.1 Neisseria bacilliformis strain DSM 23338 chromosome, complete genome"
GCA_014297595.1_ASM1429759v1,"CP060414.1 Neisseria musculi strain NW831 chromosome, complete genome"
GCA_014378125.1_ASM1437812v1,"JACMOG010000351.1 MAG: Vitreoscilla sp. isolate LF-bin-21 FL-bin-21-contig-k141_1005337, whole genome shotgun sequence"
GCA_014596395.1_ASM1459639v1,"MAYY01000001.1 Neisseria sp. KH1003-02 NODE_10_length_74104_cov_11.878_ID_19, whole genome shotgun sequence"
GCA_014762905.1_ASM1476290v1,"JACBKU010000001.1 Kingella kingae strain chl4475 contig00001, whole genome shotgun sequence"
GCA_014762915.1_ASM1476291v1,"JACBKV010000001.1 Kingella kingae strain chl2764 contig00001, whole genome shotgun sequence"
GCA_014762925.1_ASM1476292v1,"JACBKT010000001.1 Kingella kingae strain chl3548 contig00001, whole genome shotgun sequence"
GCA_015263505.1_ASM1526350v1,"JABZQR010000100.1 MAG: Neisseria sicca isolate JCVI_39_bin.1 NODE_100_length_7001_cov_3.303582, whole genome shotgun sequence"
GCA_015263535.1_ASM1526353v1,"JABZQQ010000100.1 MAG: Neisseria sicca isolate JCVI_32_bin.62 NODE_100_length_7189_cov_39.972722, whole genome shotgun sequence"
GCA_015263565.1_ASM1526356v1,"JABZQN010000072.1 MAG: Neisseria lactamica isolate JCVI_32_bin.25 NODE_10304_length_4321_cov_119.334037, whole genome shotgun sequence"
GCA_015263585.1_ASM1526358v1,"JABZQO010000038.1 MAG: Neisseria lactamica isolate JCVI_49_bin.18 NODE_1079_length_10215_cov_46.790157, whole genome shotgun sequence"
GCA_015711285.1_ASM1571128v1,"JACBLI010000010.1 Neisseria polysaccharea strain ind_11 NODE_10_length_66901_cov_109.332725, whole genome shotgun sequence"
GCA_016025525.2_ASM1602552v2,"JACSGR010000010.1 Eikenella glucosivorans strain S3360 NODE_10_length_40894_cov_171.639023, whole genome shotgun sequence"
GCA_016028715.1_ASM1602871v1,"CP065726.1 Neisseria cinerea strain FDAARGOS_871 chromosome, complete genome"
GCA_016100435.1_ASM1610043v1,"JACFSM010000014.1 Snodgrassella sp. W8158 NODE_120_length_764_cov_190.478645, whole genome shotgun sequence"
GCA_016100485.1_ASM1610048v1,"JACFSI010000010.1 Snodgrassella sp. W6238H14 NODE_10_length_30567_cov_322.577521, whole genome shotgun sequence"
GCA_016100525.1_ASM1610052v1,"JACFSH010000010.1 Snodgrassella sp. W6238H11 NODE_10_length_30567_cov_215.727249, whole genome shotgun sequence"
GCA_016100575.1_ASM1610057v1,"JACFSG010000009.1 Snodgrassella sp. M0351 NODE_10_length_2221_cov_295.469101, whole genome shotgun sequence"
GCA_016100865.1_ASM1610086v1,"JACFRQ010000010.1 Snodgrassella sp. W8132 NODE_11_length_3367_cov_290.531993, whole genome shotgun sequence"
GCA_016100875.1_ASM1610087v1,"JACFRP010000010.1 Snodgrassella sp. W8124 NODE_13_length_1452_cov_253.002926, whole genome shotgun sequence"
GCA_016101225.1_ASM1610122v1,"JACFQX010000010.1 Snodgrassella sp. W8135 NODE_10_length_15710_cov_307.906880, whole genome shotgun sequence"
GCA_016101245.1_ASM1610124v1,"JACFQY010000010.1 Snodgrassella sp. W8134 NODE_10_length_15710_cov_298.897792, whole genome shotgun sequence"
GCA_016101465.1_ASM1610146v1,"JACFQM010000010.1 Snodgrassella sp. M0110 NODE_10_length_67842_cov_225.451894, whole genome shotgun sequence"
GCA_016101495.1_ASM1610149v1,"JACFQL010000010.1 Snodgrassella sp. M0112 NODE_10_length_67842_cov_175.534852, whole genome shotgun sequence"
GCA_016101535.1_ASM1610153v1,"JACFQK010000010.1 Snodgrassella sp. M0118 NODE_10_length_71155_cov_169.204531, whole genome shotgun sequence"
GCA_016127355.1_ASM1612735v1,"CP065999.1 Kingella denitrificans strain FDAARGOS_1060 chromosome, complete genome"
GCA_016623605.1_ASM1662360v1,"JAEHNZ010000001.1 Kingella bonacorsii strain Marseille-Q4569 NODE_1_length_917951_cov_29.578935, whole genome shotgun sequence"
GCA_016894345.1_ASM1689434v1,"CP069798.1 Paralysiella testudinis strain 26B chromosome, complete genome"
GCA_016900855.1_ASM1690085v1,"JAFEUH010000010.1 Neisseria elongata strain AR-0945 NODE_10_length_89536_cov_75.833775, whole genome shotgun sequence"
GCA_017495125.1_ASM1749512v1,"JAFEIN010000298.1 MAG: Vitreoscilla sp. isolate VTPMRC01 NODE_1016_length_5681_cov_7.093672, whole genome shotgun sequence"
GCA_017753665.1_ASM1775366v1,"CP072524.1 Neisseria sicca strain NS20201025 chromosome, complete genome"
GCA_017987155.1_ASM1798715v1,"JAGNUB010000057.1 MAG: Vitreoscilla sp. isolate Go_SlAct_bin_424 Go_SlAct_10168_length_19999_cov_33.112822, whole genome shotgun sequence"
GCA_017989385.1_ASM1798938v1,"JAGNPZ010000297.1 MAG: Vitreoscilla sp. isolate Gw_SlPrim_bin_251 Gw_SlPrim_100084_length_3026_cov_4.447396, whole genome shotgun sequence"
GCA_017990255.1_ASM1799025v1,"JAGNOG010000331.1 MAG: Vitreoscilla sp. isolate Go_Eff_bin_184 Go_Eff_101128_length_3678_cov_5.253450, whole genome shotgun sequence"
GCA_018002775.1_ASM1800277v1,"JAGNFI010000130.1 MAG: Vitreoscilla sp. isolate Go_Eff_bin_141 Go_Eff_100336_length_3693_cov_6.682838, whole genome shotgun sequence"
GCA_018059145.1_ASM1805914v1,"JAGOYO010000322.1 MAG: Vitreoscilla sp. isolate Gw_Inlet_bin_92 Gw_Inlet_100091_length_3092_cov_5.061046, whole genome shotgun sequence"
GCA_018364365.1_ASM1836436v1,"JAGZMC010000001.1 Neisseria mucosa isolate L3_114_237G1_dasL3_114_237G1_concoct_13 L3_114_237G1_scaffold_1003, whole genome shotgun sequence"
GCA_018373375.1_ASM1837337v1,"JAHAHF010000002.1 Neisseria mucosa isolate L2_013_000G1_dasL2_013_000G1_maxbin2.maxbin.018 L2_013_000G1_scaffold_100, whole genome shotgun sequence"
GCA_018437425.1_ASM1843742v1,"JAGJWT010000010.1 Neisseria elongata subsp. nitroreducens strain Nel_M001 Scf_10_102864, whole genome shotgun sequence"
GCA_018780145.1_ASM1878014v1,"JADMKA010000088.1 MAG: Vitreoscilla sp. isolate MAG_67 NODE_1000_length_41342_cov_12.015574, whole genome shotgun sequence"
GCA_019334725.1_ASM1933472v1,"CP079818.1 Neisseria perflava strain LPB0400 chromosome, complete genome"
GCA_019334765.1_ASM1933476v1,"CP079820.1 Neisseria sicca ATCC 29256 chromosome, complete genome"
GCA_019815145.1_ASM1981514v1,"JAIMJJ010000011.1 Neisseria subflava strain MA3-1 MA3-1_contig1, whole genome shotgun sequence"
GCA_019815155.1_ASM1981515v1,"JAIMJK010000011.1 Neisseria flava strain MA1-1 MA1-1_contig1, whole genome shotgun sequence"
GCA_019930845.1_ASM1993084v1,"CP082861.1 Eikenella corrodens strain FDAARGOS_1474 chromosome, complete genome"
GCA_020162275.1_ASM2016227v1,"CP083930.1 Simonsiella muelleri strain DSM 2579 chromosome, complete genome"
GCA_020162295.1_ASM2016229v1,"CP083931.1 Alysiella filiformis DSM 16848 chromosome, complete genome"
GCA_021025975.1_ASM2102597v1,"JAJNBX010000010.1 Neisseria cinerea strain CCUG 2156 NODE_10_length_98619_cov_145.067642, whole genome shotgun sequence"
GCA_022288825.1_ASM2228882v1,"JAKOOW010000001.1 Kingella sp. CICC 24913 NMDC70033523_1, whole genome shotgun sequence"
GCA_022348385.1_ASM2234838v1,"JAKRGN010000001.1 Wielerella bovis strain 12LB15_2 12LB15_2, whole genome shotgun sequence"
GCA_022348415.1_ASM2234841v1,"JAKRGM010000001.1 Wielerella bovis strain 12LB15_1 12LB15_1, whole genome shotgun sequence"
GCA_022354385.1_ASM2235438v1,"CP092357.1 Wielerella bovis strain 10LB456 chromosome, complete genome"
GCA_022354405.1_ASM2235440v1,"CP092358.1 Wielerella bovis strain 09LB414 chromosome, complete genome"
GCA_022354425.1_ASM2235442v1,"CP092359.1 Wielerella bovis strain 08LB461 chromosome, complete genome"
GCA_022354445.1_ASM2235444v1,"CP092360.1 Wielerella bovis strain 07LB258 chromosome, complete genome"
GCA_022354465.1_ASM2235446v1,"CP092361.1 Wielerella bovis strain CCUG 44465 chromosome, complete genome"
GCA_022749495.1_ASM2274949v1,"CP094241.1 Neisseria macacae ATCC 33926 chromosome, complete genome"
GCA_022749515.1_ASM2274951v1,"CP094242.1 Morococcus cerebrosus strain CIP 81.93 chromosome, complete genome"
GCA_022870845.1_ASM2287084v1,"CP091507.1 Uruburuella suis strain 1258/02 chromosome, complete genome"
GCA_022870865.1_ASM2287086v1,"CP091508.1 Uruburuella testudinis strain CCUG 63373m chromosome, complete genome"
GCA_022870885.1_ASM2287088v1,"CP091509.1 Neisseria dumasiana strain LMG 30012 chromosome, complete genome"
GCA_022870905.1_ASM2287090v1,"CP091510.1 Neisseria arctica strain KH1503 chromosome, complete genome"
GCA_022870925.1_ASM2287092v1,"CP091511.1 Vitreoscilla massiliensis strain SN4 chromosome, complete genome"
GCA_022870945.1_ASM2287094v1,"CP091512.1 Vitreoscilla stercoraria strain SAG 1488-6 chromosome, complete genome"
GCA_022870965.1_ASM2287096v1,"CP091515.1 Snodgrassella alvi wkB2 chromosome, complete genome"
GCA_022870985.1_ASM2287098v1,"CP091516.1 Kingella potus strain 3/SID/1128 chromosome, complete genome"
GCA_022871005.1_ASM2287100v1,"CP091518.1 Kingella kingae strain 4177/66 chromosome, complete genome"
GCA_022871025.1_ASM2287102v1,"CP091521.1 Conchiformibius kuhniae strain 17694 chromosome, complete genome"
GCA_022871045.1_ASM2287104v1,"CP091519.1 Alysiella crassa strain S6 chromosome, complete genome"
GCA_023150385.1_ASM2315038v1,"JAKLKZ010000010.1 MAG: Rivicola pingtungensis isolate MAG.12 MAG.12-NODE_10_length_75302_cov_34.887710, whole genome shotgun sequence"
GCA_023472875.1_ASM2347287v1,"JAMDHR010000010.1 Neisseria perflava strain CCUG 17915 NODE_10_length_59262_cov_272.811946, whole genome shotgun sequence"
GCA_023502145.1_ASM2350214v1,"JAMFLI010000001.1 Craterilacuibacter sp. RT1T RT1T_contig_1, whole genome shotgun sequence"
GCA_023547005.1_ASM2354700v1,"CP097501.1 Conchiformibius steedae DSM 2580 chromosome, complete genome"
GCA_023635035.1_ASM2363503v1,"JAGEOL010000002.1 Neisseria subflava strain HP0076 unitig_0_circular_true_overhang_22622, whole genome shotgun sequence"
GCA_023635065.1_ASM2363506v1,"JAGEOM010000002.1 Neisseria subflava strain TT0074 unitig_0, whole genome shotgun sequence"
GCA_023635085.1_ASM2363508v1,"JAGEOO010000003.1 Neisseria subflava strain SG0010 unitig_0_quiver, whole genome shotgun sequence"
GCA_023635105.1_ASM2363510v1,"JAGEON010000001.1 Neisseria subflava strain HP0001 unitig_0_circular_true_overhang_12027, whole genome shotgun sequence"
GCA_024103505.1_ASM2410350v1,"JAGGIJ010000007.1 MAG: Snodgrassella sp. isolate S-bin6 NODE_13_length_116652_cov_63.220091, whole genome shotgun sequence"
GCA_024103515.1_ASM2410351v1,"JAGGIK010000100.1 MAG: Snodgrassella sp. isolate S-bin9 NODE_100_length_660_cov_11.658662, whole genome shotgun sequence"
GCA_024103595.1_ASM2410359v1,"JAGGII010000010.1 MAG: Snodgrassella sp. isolate S-bin7 NODE_10_length_50480_cov_7.559173, whole genome shotgun sequence"
GCA_024103605.1_ASM2410360v1,"JAGGIH010000416.1 MAG: Snodgrassella sp. isolate S-bin4 NODE_1000_length_2087_cov_4.488189, whole genome shotgun sequence"
GCA_024103675.1_ASM2410367v1,"JAGGIG010000100.1 MAG: Snodgrassella sp. isolate S-bin2 NODE_100_length_577_cov_3.406000, whole genome shotgun sequence"
GCA_024103685.1_ASM2410368v1,"JAGGIF010000024.1 MAG: Snodgrassella sp. isolate S-bin8 NODE_105_length_12775_cov_23.034119, whole genome shotgun sequence"
GCA_024103725.1_ASM2410372v1,"JAGGIE010000010.1 MAG: Snodgrassella sp. isolate S-bin1 NODE_10_length_79199_cov_20.019906, whole genome shotgun sequence"
GCA_024103835.1_ASM2410383v1,"JAGGID010000010.1 MAG: Snodgrassella sp. isolate S-bin3 NODE_10_length_88449_cov_13.733321, whole genome shotgun sequence"
GCA_024103955.1_ASM2410395v1,"JAGGIC010000085.1 MAG: Snodgrassella sp. isolate S-bin5 NODE_1043_length_3317_cov_12.471490, whole genome shotgun sequence"
GCA_024170405.1_ASM2417040v1,"JALJYC010000001.1 Neisseria perflava strain 327A Ga0456413_01, whole genome shotgun sequence"
GCA_024170765.1_ASM2417076v1,"JALJYS010000001.1 Neisseria perflava strain 3324A Ga0456418_01, whole genome shotgun sequence"
GCA_024205685.1_ASM2420568v1,"CP073114.1 Neisseria subflava strain HP0048 chromosome, complete genome"
GCA_024205705.1_ASM2420570v1,"CP073115.1 Neisseria subflava strain TT0077 chromosome, complete genome"
GCA_024205725.1_ASM2420572v1,"CP073116.1 Neisseria subflava strain TT0073 chromosome, complete genome"
GCA_024205745.1_ASM2420574v1,"CP073117.1 Neisseria subflava strain HP0015 chromosome, complete genome"
GCA_024205765.1_ASM2420576v1,"CP073118.1 Neisseria subflava strain CG0073 chromosome, complete genome"
GCA_024205785.1_ASM2420578v1,"CP073119.1 Neisseria subflava strain HP0069 chromosome, complete genome"
GCA_024437655.1_ASM2443765v1,"JANBVF010000001.1 Chitinolyticbacter sp. YIM B06366 contig1, whole genome shotgun sequence"
GCA_024580525.1_ASM2458052v1,"JANIKQ010000001.1 Neisseria dentiae strain 1292RC1 21462_28_1, whole genome shotgun sequence"
GCA_025291375.1_ASM2529137v1,"JAMBJN010000059.1 MAG: Snodgrassella alvi isolate GUT-bin.14 NODE_1015_length_10223_cov_37.809107, whole genome shotgun sequence"
GCA_025291485.1_ASM2529148v1,"JAMBJQ010000498.1 MAG: Snodgrassella alvi isolate GUT-bin.17 NODE_10044_length_1529_cov_3.180461, whole genome shotgun sequence"
GCA_026535815.1_ASM2653581v1,"JAFNPG010000014.1 Snodgrassella sp. B3088 B3088_Snodgrassella_C339, whole genome shotgun sequence"
GCA_026535865.1_ASM2653586v1,"JAFNPH010000001.1 Snodgrassella sp. B3800 B3800_Snodgrassella_NODE_1, whole genome shotgun sequence"
GCA_026535915.1_ASM2653591v1,"JAFNPF010000001.1 Snodgrassella sp. B3882 B3882_Snodgrassella_NODE_1, whole genome shotgun sequence"
GCA_026535955.1_ASM2653595v1,"JAFNPI010000020.1 Snodgrassella sp. B3837 B3837_Snodgrassella_C257, whole genome shotgun sequence"
GCA_028680565.1_ASM2868056v1,"JAPHVK010000001.1 Kingella sp. SNUBH-2017 52702.SHY-170724.1_contig00001, whole genome shotgun sequence"
GCA_900086555.1_34903_D01,"LT571436.1 Neisseria weaveri strain NCTC13585 genome assembly, chromosome: 1"
GCA_900094895.1_IMG-taxon_2615840607_annotated_assembly,"FMAP01000023.1 Snodgrassella sp. R-53583 genome assembly, contig: Ga0061082_123, whole genome shotgun sequence"
GCA_900111845.1_PRJEB17081,"FOJK01000056.1 Kingella kingae ATCC 23330 genome assembly, contig: contig00056, whole genome shotgun sequence"
GCA_900113545.1_IMG-taxon_2675903696_annotated_assembly,"FOPS01000023.1 Neisseria elongata subsp. elongata strain ATCC 25295 genome assembly, contig: Ga0104723_123, whole genome shotgun sequence"
GCA_900169325.1_GC77_g1,"FZRL01000079.1 Kingella denitrificans isolate GC77 genome assembly, contig: scaffold79_233, whole genome shotgun sequence"
GCA_900177895.1_PRJEB20479,"LT841137.1 Kingella sp. Sch538 strain SW7208426 genome assembly, scaffold: scaffold00001, whole genome shotgun sequence"
GCA_900182485.2_keburonensis,"FXUV02000107.1 Kingella sp. CHUV31 isolate kingella_eburonensis genome assembly, contig: contig_00098, whole genome shotgun sequence"
GCA_900187105.1_50618_F01,"LT906482.1 Eikenella corrodens strain NCTC10596 genome assembly, chromosome: 1"
GCA_900187305.1_51470_F02,"LT906434.1 Neisseria zoodegmatis strain NCTC12230 genome assembly, chromosome: 1"
GCA_900201385.1_B404,"FZXU01000213.1 Neisseria meningitidis genome assembly, contig: NODE_213_length_203_cov_132.264, whole genome shotgun sequence"
GCA_900230205.1_IMG-taxon_2574179727_annotated_assembly,"OCNF01000051.1 Alysiella filiformis DSM 16848 genome assembly, contig: BR38DRAFT_scaffold00051.51, whole genome shotgun sequence"
GCA_900322255.1_CIP103579T,"ONZB01000314.1 Prolinoborus fasciculus strain CIP 103579T genome assembly, contig: CIP103579_contig_314, whole genome shotgun sequence"
GCA_900445245.1_52756_C01,"UFSO01000003.1 Alysiella crassa strain NCTC10283 genome assembly, contig: ERS1502665SCcontig000003, whole genome shotgun sequence"
GCA_900451155.1_54669_F01,"UGJI01000005.1 Kingella kingae strain NCTC10746 genome assembly, contig: ERS1613577SCcontig000005, whole genome shotgun sequence"
GCA_900451175.1_50465_B02,"UGJJ01000004.1 Kingella potus strain NCTC13336 genome assembly, contig: ERS1295521SCcontig000004, whole genome shotgun sequence"
GCA_900451365.1_50569_C01,"UGJL01000002.1 Kingella denitrificans strain NCTC10995 genome assembly, contig: ERS1324111SCcontig000002, whole genome shotgun sequence"
GCA_900453685.1_51670_B01,"UGQR01000002.1 Neisseria dentiae strain NCTC13012 genome assembly, contig: ERS1374872SCcontig000002, whole genome shotgun sequence"
GCA_900453805.1_46338_A01,"UGQV01000004.1 Neisseria flavescens strain NCTC8263 genome assembly, contig: ERS1123926SCcontig000004, whole genome shotgun sequence"
GCA_900453875.1_44738_H02,"UGQS01000006.1 Bergeriella denitrificans strain NCTC10295 genome assembly, contig: ERS1066627SCcontig000006, whole genome shotgun sequence"
GCA_900453895.1_42925_E01,"UGQW01000002.1 Neisseria elongata strain NCTC10660 genome assembly, contig: ERS980032SCcontig000002, whole genome shotgun sequence"
GCA_900454095.1_34576_G01,"UGRN01000002.1 Neisseria lactamica strain NCTC10618 genome assembly, contig: ERS627819SCcontig000002, whole genome shotgun sequence"
GCA_900454145.1_54949_A01,"UGRO01000003.1 Neisseria lactamica strain NCTC10616 genome assembly, contig: ERS1669581SCcontig000003, whole genome shotgun sequence"
GCA_900454205.1_57428_A01,"UGRS01000003.1 Neisseria zoodegmatis strain NCTC12229 genome assembly, contig: ERS1869774SCcontig000003, whole genome shotgun sequence"
GCA_900454435.1_55147_F01,"UGRT01000006.1 Neisseria mucosa strain NCTC10774 genome assembly, contig: ERS1726464SCcontig000006, whole genome shotgun sequence"
GCA_900475315.1_43721_G02,"LS483369.1 Neisseria cinerea strain NCTC10294 genome assembly, chromosome: 1"
GCA_900475815.1_46758_G01,"LS483435.1 Neisseria elongata subsp. glycolytica strain NCTC11050 genome assembly, chromosome: 1"
GCA_900475905.1_49595_E01,"LS483426.1 Kingella kingae strain NCTC10529 genome assembly, chromosome: 1"
GCA_900636515.1_42685_A01,"LR134287.1 Neisseria animalis strain NCTC10212 genome assembly, chromosome: 1"
GCA_900636765.1_44503_A02,"LR134313.1 Neisseria canis strain NCTC10296 genome assembly, chromosome: 1"
GCA_900637855.1_52683_F03,"LR134440.1 Neisseria animaloris strain NCTC12228 genome assembly, chromosome: 1"
GCA_900638345.1_57428_C01,"LR134516.1 Neisseria animaloris strain NCTC12227 genome assembly, chromosome: 1"
GCA_900638685.1_58882_C02,"LR134533.1 Neisseria weaveri strain NCTC12742 genome assembly, chromosome: 1"
GCA_900654165.1_PRJEB30649-R19,"CAABZZ010000001.1 Neisseria flavescens strain N13 genome assembly, contig: contig00001, whole genome shotgun sequence"
GCA_900654175.1_PRJEB30649_R20,"CAACAC010000001.1 Neisseria mucosa strain N32 genome assembly, contig: contig00001, whole genome shotgun sequence"
GCA_900654185.1_PRJEB30649_R21,"CAACAD010000001.1 Neisseria flavescens strain N57 genome assembly, contig: contig00001, whole genome shotgun sequence"
GCA_900654195.1_PRJEB30649_R23,"CAACAF010000001.1 Neisseria flavescens strain N78 genome assembly, contig: contig00001, whole genome shotgun sequence"
GCA_901482445.1_45076_H02,"LR590477.1 Neisseria lactamica strain NCTC10617 genome assembly, chromosome: 1"
GCA_901873385.1_Neisseria_sicca_BgEED21,"CABFLG010000001.1 Neisseria sicca isolate Neisseria_sicca_BgEED21 genome assembly, contig: NODE_10_length_84557_cov_22756143, whole genome shotgun sequence"
GCA_901873995.1_Neisseria_subflava_BgEED22,"CABFLW010000001.1 Neisseria subflava isolate Neisseria_subflava_BgEED22 genome assembly, contig: NODE_10_length_72808_cov_20351308, whole genome shotgun sequence"
GCA_901875325.1_Neisseria_subflava_BgEED23,"CABFLZ010000001.1 Neisseria subflava isolate Neisseria_subflava_BgEED23 genome assembly, contig: NODE_10_length_112047_cov_28891274, whole genome shotgun sequence"
GCA_902374455.1_MGYG-HGUT-01381,"CABKQF010000001.1 Neisseria macacae isolate MGYG-HGUT-01381 genome assembly, contig: NZ_GL985618.1, whole genome shotgun sequence"
GCA_902375805.1_MGYG-HGUT-01520,"CABKVG010000001.1 Vitreoscilla massiliensis isolate MGYG-HGUT-01520 genome assembly, contig: NZ_LN898212.1, whole genome shotgun sequence"
GCA_905369895.1_DRR046069-mag-bin.2,"CAJPJD010000001.1 Neisseria flavescens isolate DRR046069-mag-bin.2 genome assembly, contig: DRR046069-mag-bin.2_2, whole genome shotgun sequence"
GCA_905370215.1_DRR046100-mag-bin.6,"CAJPJW010000001.1 Neisseria subflava isolate DRR046100-mag-bin.6 genome assembly, contig: DRR046100-mag-bin.6_6, whole genome shotgun sequence"
GCA_905370285.1_DRR241310-mag-bin.1,"CAJPKD010000001.1 Neisseria mucosa isolate DRR241310-mag-bin.1 genome assembly, contig: DRR241310-mag-bin.1_76, whole genome shotgun sequence"
GCA_905371385.1_SRR6059100-mag-bin.2,"CAJPLJ010000001.1 Neisseria flavescens isolate SRR6059100-mag-bin.2 genome assembly, contig: SRR6059100-mag-bin.2_25, whole genome shotgun sequence"
GCA_905371485.1_SRR6059123-mag-bin.5,"CAJPLL010000001.1 Neisseria subflava isolate SRR6059123-mag-bin.5 genome assembly, contig: SRR6059123-mag-bin.5_1, whole genome shotgun sequence"
GCA_905371655.1_SRR9217389-mag-bin.9,"CAJPMF010000001.1 Neisseria elongata isolate SRR9217389-mag-bin.9 genome assembly, contig: SRR9217389-mag-bin.9_20, whole genome shotgun sequence"
GCA_905371675.1_SRR9217391-mag-bin.22,"CAJPLX010000001.1 Neisseria subflava isolate SRR9217391-mag-bin.22 genome assembly, contig: SRR9217391-mag-bin.22_9, whole genome shotgun sequence"
GCA_905372735.1_SRR9217428-mag-bin.32,"CAJPQP010000001.1 Neisseria elongata isolate SRR9217428-mag-bin.32 genome assembly, contig: SRR9217428-mag-bin.32_586, whole genome shotgun sequence"
GCA_905373135.1_SRR9217453-mag-bin.5,"CAJPRZ010000001.1 Eikenella corrodens isolate SRR9217453-mag-bin.5 genome assembly, contig: SRR9217453-mag-bin.5_40, whole genome shotgun sequence"
GCA_905373195.1_SRR9217457-mag-bin.6,"CAJPSG010000001.1 Kingella oralis isolate SRR9217457-mag-bin.6 genome assembly, contig: SRR9217457-mag-bin.6_182, whole genome shotgun sequence"
GCA_914768015.1_R-54863,"CAJZCF010000001.1 Snodgrassella alvi strain R-54863 genome assembly, contig: contig00001, whole genome shotgun sequence"
GCA_914768025.1_LMG_30236,"CAJZCE010000001.1 Snodgrassella alvi strain LMG 30236 genome assembly, contig: contig00001, whole genome shotgun sequence"
GCA_914768035.1_R-54678,"CAJZCC010000001.1 Snodgrassella alvi strain R-54678 genome assembly, contig: contig00001, whole genome shotgun sequence"
GCA_914768045.1_LMG_28360,"CAJZCD010000001.1 Snodgrassella alvi strain LMG 28360 genome assembly, contig: contig00001, whole genome shotgun sequence"
GCA_914768055.1_R-53528,"CAJZCB010000001.1 Snodgrassella alvi strain R-53528 genome assembly, contig: contig00001, whole genome shotgun sequence"
GCA_914768065.1_R-53633,"CAJZCI010000001.1 Snodgrassella alvi strain R-53633 genome assembly, contig: contig00001, whole genome shotgun sequence"
GCA_914768075.1_R-54841,"CAJZCG010000001.1 Snodgrassella alvi strain R-54841 genome assembly, contig: contig00001, whole genome shotgun sequence"
GCA_914768085.1_R-54236,"CAJZCJ010000001.1 Snodgrassella alvi strain R-54236 genome assembly, contig: contig00001, whole genome shotgun sequence"
GCA_914768095.1_R-53680,"CAJZCH010000001.1 Snodgrassella alvi strain R-53680 genome assembly, contig: contig00001, whole genome shotgun sequence"
GCA_915062845.1_SRR1045093_bin.2_metaWRAP_v1.1_MAG,"CAJZDC010000001.1 TPA_asm: uncultured Kingella sp. isolate SRR1045093_bin.2_metaWRAP_v1.1_MAG genome assembly, contig: NODE_142_length_25535_cov_5.374372, whole genome shotgun sequence"
GCA_915066195.1_SRR1045097_bin.5_metaWRAP_v1.1_MAG,"CAJZDX010000001.1 TPA_asm: Neisseria elongata isolate SRR1045097_bin.5_metaWRAP_v1.1_MAG genome assembly, contig: NODE_34_length_52377_cov_7.091893, whole genome shotgun sequence"
GCA_915253765.1_SRR1794618_bin.1_metaWRAP_v1.1_MAG,"CAJZGA010000001.1 TPA_asm: Neisseria elongata isolate SRR1794618_bin.1_metaWRAP_v1.1_MAG genome assembly, contig: ERZ1742318.2, whole genome shotgun sequence"
GCA_915270505.1_SRR1781983_bin.2_metaWRAP_v1.1_MAG,"CAJZGC010000001.1 TPA_asm: Neisseria sicca isolate SRR1781983_bin.2_metaWRAP_v1.1_MAG genome assembly, contig: ERZ1742304.1, whole genome shotgun sequence"
GCA_916048335.1_ERR2764854_bin.3_metaWRAP_v1.1_MAG,"CAJZHR010000001.1 TPA_asm: Neisseria flavescens isolate ERR2764854_bin.3_metaWRAP_v1.1_MAG genome assembly, contig: ERZ1674169.32, whole genome shotgun sequence"
GCA_916048815.1_ERR2764996_bin.3_metaWRAP_v1.1_MAG,"CAJZHX010000001.1 TPA_asm: Neisseria flavescens isolate ERR2764996_bin.3_metaWRAP_v1.1_MAG genome assembly, contig: ERZ1674194.1, whole genome shotgun sequence"
GCA_916049585.1_ERR2764840_bin.7_metaWRAP_v1.1_MAG,"CAJZIC010000001.1 TPA_asm: Neisseria flavescens isolate ERR2764840_bin.7_metaWRAP_v1.1_MAG genome assembly, contig: ERZ1674239.188, whole genome shotgun sequence"
GCA_916049695.1_ERR2764931_bin.5_metaWRAP_v1.1_MAG,"CAJZIH010000001.1 TPA_asm: Neisseria flavescens isolate ERR2764931_bin.5_metaWRAP_v1.1_MAG genome assembly, contig: ERZ1673994.35, whole genome shotgun sequence"
GCA_916049775.1_ERR2765004_bin.4_metaWRAP_v1.1_MAG,"CAJZIT010000001.1 TPA_asm: Neisseria flavescens isolate ERR2765004_bin.4_metaWRAP_v1.1_MAG genome assembly, contig: ERZ1674251.242, whole genome shotgun sequence"
GCA_916049965.1_ERR2764907_bin.3_metaWRAP_v1.1_MAG,"CAJZJE010000001.1 TPA_asm: Neisseria flavescens isolate ERR2764907_bin.3_metaWRAP_v1.1_MAG genome assembly, contig: ERZ1674049.1, whole genome shotgun sequence"
GCA_916050025.1_ERR2765216_bin.1_metaWRAP_v1.1_MAG,"CAJZJM010000001.1 TPA_asm: Neisseria flavescens isolate ERR2765216_bin.1_metaWRAP_v1.1_MAG genome assembly, contig: ERZ1674219.3, whole genome shotgun sequence"
GCA_916050295.1_ERR2764978_bin.4_metaWRAP_v1.1_MAG,"CAJZKM010000001.1 TPA_asm: Neisseria flavescens isolate ERR2764978_bin.4_metaWRAP_v1.1_MAG genome assembly, contig: ERZ1674277.1, whole genome shotgun sequence"
GCA_916050365.1_ERR2764966_bin.3_metaWRAP_v1.1_MAG,"CAJZKQ010000001.1 TPA_asm: Neisseria flavescens isolate ERR2764966_bin.3_metaWRAP_v1.1_MAG genome assembly, contig: ERZ1674262.1, whole genome shotgun sequence"
GCA_916438255.1_DRR214962_bin.5_metaWRAP_v1.1_MAG,"CAKAEN010000001.1 TPA_asm: Neisseria flavescens isolate DRR214962_bin.5_metaWRAP_v1.1_MAG genome assembly, contig: BNJV01000308, whole genome shotgun sequence"
GCA_916618725.1_PRJEB46702,"CAKAJZ010000001.1 Eikenella sp. Marseille-P7795 genome assembly, contig: contig00001, whole genome shotgun sequence"
GCA_916709955.1_SRR15235667_bin.14_metaWRAP_v1.1_MAG,"CAKAOU010000001.1 TPA_asm: Neisseria flavescens isolate SRR15235667_bin.14_metaWRAP_v1.1_MAG genome assembly, contig: NODE_5_length_220894_cov_87.749379, whole genome shotgun sequence"
GCA_916719905.1_SRR15235659_bin.10_metaWRAP_v1.1_MAG,"CAKAPP010000001.1 TPA_asm: Kingella denitrificans isolate SRR15235659_bin.10_metaWRAP_v1.1_MAG genome assembly, contig: NODE_145_length_50322_cov_16.197446, whole genome shotgun sequence"
GCA_916720425.1_SRR15235659_bin.17_metaWRAP_v1.1_MAG,"CAKARD010000001.1 TPA_asm: uncultured Kingella sp. isolate SRR15235659_bin.17_metaWRAP_v1.1_MAG genome assembly, contig: NODE_97_length_62036_cov_6.038512, whole genome shotgun sequence"
GCA_927911155.1_ERR3827279_bin.3_metaWRAP_v1.1_MAG,"CAKMOX010000001.1 TPA_asm: Neisseria elongata isolate ERR3827279_bin.3_metaWRAP_v1.1_MAG genome assembly, contig: ERZ4768141.131, whole genome shotgun sequence"
GCA_927911225.1_ERR3827255_bin.6_metaWRAP_v1.1_MAG,"CAKMPD010000001.1 TPA_asm: Neisseria sicca isolate ERR3827255_bin.6_metaWRAP_v1.1_MAG genome assembly, contig: ERZ4768428.149, whole genome shotgun sequence"
GCA_927911655.1_ERR3827212_bin.2_metaWRAP_v1.1_MAG,"CAKMQI010000001.1 TPA_asm: Simonsiella muelleri isolate ERR3827212_bin.2_metaWRAP_v1.1_MAG genome assembly, contig: ERZ4768426.419, whole genome shotgun sequence"
GCA_927911725.1_ERR3827271_bin.4_metaWRAP_v1.1_MAG,"CAKMQS010000001.1 MAG TPA_asm: Kingella denitrificans isolate ERR3827271_bin.4_metaWRAP_v1.1_MAG genome assembly, contig: ERZ4768190.10, whole genome shotgun sequence"
GCA_937880995.1_ERR4757847_bin.8_CONCOCT_v1.1_MAG,"CALGFW010000001.1 MAG TPA_asm: Neisseria sicca isolate ERR4757847_bin.8_CONCOCT_v1.1_MAG genome assembly, contig: ERZ1760289.4289, whole genome shotgun sequence"
GCA_937890425.1_SRR1952572_bin.59_CONCOCT_v1.1_MAG,"CALACJ010000001.1 MAG TPA_asm: Kingella potus isolate SRR1952572_bin.59_CONCOCT_v1.1_MAG genome assembly, contig: ERZ1033893.4157, whole genome shotgun sequence"
GCA_937897795.1_SRR6231150_bin.24_CONCOCT_v1.1_MAG,"CALCOA010000001.1 MAG TPA_asm: Rivicola pingtungensis isolate SRR6231150_bin.24_CONCOCT_v1.1_MAG genome assembly, contig: ERZ650229.301, whole genome shotgun sequence"
GCA_937906185.1_SRR1952572_bin.7_CONCOCT_v1.1_MAG,"CALCXR010000001.1 MAG TPA_asm: uncultured Kingella sp. isolate SRR1952572_bin.7_CONCOCT_v1.1_MAG genome assembly, contig: ERZ1033893.9234, whole genome shotgun sequence"
GCA_937975695.1_SRR6231199_bin.73_CONCOCT_v1.1_MAG,"CALJUB010000001.1 MAG TPA_asm: Uruburuella suis isolate SRR6231199_bin.73_CONCOCT_v1.1_MAG genome assembly, contig: ERZ650256.1679, whole genome shotgun sequence"
GCA_937989625.1_SRR8114033_bin.4_CONCOCT_v1.1_MAG,"CALKRL010000001.1 MAG TPA_asm: Simonsiella muelleri isolate SRR8114033_bin.4_CONCOCT_v1.1_MAG genome assembly, contig: ERZ1740156.8063, whole genome shotgun sequence"
GCA_938022445.1_ERR589371_bin.96_CONCOCT_v1.1_MAG,"CALIHO010000001.1 MAG TPA_asm: Eikenella corrodens isolate ERR589371_bin.96_CONCOCT_v1.1_MAG genome assembly, contig: ERZ772764.7835, whole genome shotgun sequence"
GCA_938030635.1_ERR589374_bin.71_CONCOCT_v1.1_MAG,"CALHHW010000001.1 MAG TPA_asm: Kingella denitrificans isolate ERR589374_bin.71_CONCOCT_v1.1_MAG genome assembly, contig: ERZ772785.2484, whole genome shotgun sequence"
GCA_938036895.1_ERR589517_bin.39_CONCOCT_v1.1_MAG,"CALHVT010000001.1 MAG TPA_asm: uncultured Eikenella sp. isolate ERR589517_bin.39_CONCOCT_v1.1_MAG genome assembly, contig: ERZ772827.3034, whole genome shotgun sequence"
GCA_938046305.1_ERR589473_bin.60_CONCOCT_v1.1_MAG,"CALIXL010000001.1 MAG TPA_asm: Neisseria elongata isolate ERR589473_bin.60_CONCOCT_v1.1_MAG genome assembly, contig: ERZ772903.1101, whole genome shotgun sequence"
GCA_938049115.1_ERR589366_bin.96_CONCOCT_v1.1_MAG,"CALICX010000001.1 MAG TPA_asm: uncultured Kingella sp. isolate ERR589366_bin.96_CONCOCT_v1.1_MAG genome assembly, contig: ERZ772775.27147, whole genome shotgun sequence"
GCA_945276975.1_SRR11267064_bin.2_metawrap_v1.3.0_MAG,"CALYPQ010000001.1 MAG: Snodgrassella alvi isolate SRR11267064_bin.2_metawrap_v1.3.0_MAG genome assembly, contig: ERZ9515147_63, whole genome shotgun sequence"
GCA_945279255.1_SRR11267077_bin.16_metawrap_v1.3.0_MAG,"CALYPZ010000001.1 MAG: Snodgrassella alvi isolate SRR11267077_bin.16_metawrap_v1.3.0_MAG genome assembly, contig: ERZ9515170_1, whole genome shotgun sequence"
GCA_945878035.1_LE-05nov19-130,"CAMCSN010000001.1 MAG: Neisseria lactamica isolate LE-05nov19-130 genome assembly, contig: LE-05nov19-C174, whole genome shotgun sequence"
GCA_946221005.1_98yxbXxVq9_bin.11.MAG,"CAMIGD010000001.1 MAG: Conchiformibius steedae isolate 98yxbXxVq9_bin.11.MAG genome assembly, contig: NODE_143_length_30134_cov_11.475814, whole genome shotgun sequence"
GCA_946221345.1_MRGlX7Nqwc_bin.8.MAG,"CAMIBE010000001.1 MAG: Neisseria cinerea isolate MRGlX7Nqwc_bin.8.MAG genome assembly, contig: NODE_87_length_16766_cov_3.812818, whole genome shotgun sequence"
GCA_946476885.1_SRR10914156_bin.5_metawrap_v1.3.0_MAG,"CAMKWC010000001.1 MAG: Snodgrassella alvi isolate SRR10914156_bin.5_metawrap_v1.3.0_MAG genome assembly, contig: ERZ12593051_1, whole genome shotgun sequence"
GCA_946476995.1_SRR10810037_bin.9_metawrap_v1.3.0_MAG,"CAMKWX010000001.1 MAG: Snodgrassella alvi isolate SRR10810037_bin.9_metawrap_v1.3.0_MAG genome assembly, contig: ERZ12407378_20, whole genome shotgun sequence"
GCA_946477485.1_SRR10914158_bin.8_metawrap_v1.3.0_MAG,"CAMKYL010000001.1 MAG: Snodgrassella alvi isolate SRR10914158_bin.8_metawrap_v1.3.0_MAG genome assembly, contig: ERZ12593057_1, whole genome shotgun sequence"
GCA_946478365.1_SRR10810014_bin.3_metawrap_v1.3.0_MAG,"CAMLBS010000001.1 MAG: Snodgrassella alvi isolate SRR10810014_bin.3_metawrap_v1.3.0_MAG genome assembly, contig: ERZ12407377_1, whole genome shotgun sequence"
GCA_946478495.1_SRR7287217_bin.10_metawrap_v1.3.0_MAG,"CAMLBY010000001.1 MAG: Snodgrassella alvi isolate SRR7287217_bin.10_metawrap_v1.3.0_MAG genome assembly, contig: ERZ10358306_1, whole genome shotgun sequence"
GCA_946478525.1_SRR10810031_bin.8_metawrap_v1.3.0_MAG,"CAMLCH010000001.1 MAG: Snodgrassella alvi isolate SRR10810031_bin.8_metawrap_v1.3.0_MAG genome assembly, contig: ERZ12407359_2, whole genome shotgun sequence"
GCA_946478595.1_SRR17134012_bin.1_metawrap_v1.3.0_MAG,"CAMLCM010000001.1 MAG: Snodgrassella alvi isolate SRR17134012_bin.1_metawrap_v1.3.0_MAG genome assembly, contig: ERZ12343533_1, whole genome shotgun sequence"
GCA_946480755.1_SRR17188286_bin.11_metawrap_v1.3.0_MAG,"CAMLKP010000001.1 MAG: Snodgrassella alvi isolate SRR17188286_bin.11_metawrap_v1.3.0_MAG genome assembly, contig: ERZ12636444_1, whole genome shotgun sequence"
GCA_946481525.1_SRR17188286_bin.4_metawrap_v1.3.0_MAG,"CAMLNR010000001.1 MAG: Snodgrassella alvi isolate SRR17188286_bin.4_metawrap_v1.3.0_MAG genome assembly, contig: ERZ12636444_96, whole genome shotgun sequence"
GCA_946481845.1_SRR12180962_bin.5_metawrap_v1.3.0_MAG,"CAMLPG010000001.1 MAG: Snodgrassella alvi isolate SRR12180962_bin.5_metawrap_v1.3.0_MAG genome assembly, contig: ERZ12593130_12, whole genome shotgun sequence"
GCA_946482505.1_SRR12181027_bin.1_metawrap_v1.3.0_MAG,"CAMLRT010000001.1 MAG: Snodgrassella alvi isolate SRR12181027_bin.1_metawrap_v1.3.0_MAG genome assembly, contig: ERZ12593154_24, whole genome shotgun sequence"
GCA_946698215.1_SRR7986790_bin.3_metawrap_v1.3.0_MAG,"CAMPDP010000001.1 MAG TPA_asm: Snodgrassella alvi isolate SRR7986790_bin.3_metawrap_v1.3.0_MAG genome assembly, contig: ERZ12419742.18, whole genome shotgun sequence"
GCA_947097505.1_SRR8786263_bin.5_metaWRAP_v1.3_MAG,"CAMURL010000001.1 MAG TPA_asm: Neisseria elongata isolate SRR8786263_bin.5_metaWRAP_v1.3_MAG genome assembly, contig: ERZ11772394.103, whole genome shotgun sequence"
